slug,profile_url,name,title,eligible,dept,division,rank,exclusion_reason
atila.abdulkadiroglu,https://scholars.duke.edu/person/atila.abdulkadiroglu,Atila Abdulkadiroglu,Garonzik Family Distinguished Professor,1,Economics,Social Sciences,Full,
stanley.abe,https://scholars.duke.edu/person/stanley.abe,Stanley Abe,Professor of Art and Art History,1,"Art, Art History & Visual Studies",Humanities,Full,
leah.acker,https://scholars.duke.edu/person/leah.acker,Leah Acker,Associate Professor in Anesthesiology,0,,,,"primary appointment outside Trinity departments, or non-faculty title"
alison.adcock,https://scholars.duke.edu/person/alison.adcock,Rachel Alison Adcock,Professor of Psychiatry and Behavioral Sciences,0,,,,"primary appointment outside Trinity departments, or non-faculty title"
olumayowa.adegboyega,https://scholars.duke.edu/person/olumayowa.adegboyega,Olumayowa Titilope Adegboyega,Assistant Research Professor in the Department of Evolutionary Anthropology,0,,,,research faculty
adler,https://scholars.duke.edu/person/adler,Matthew D. Adler,Richard A. Horvitz Distinguished Professor of Law,0,,,,"primary appointment outside Trinity departments, or non-faculty title"
aers,https://scholars.duke.edu/person/aers,David Aers,James B. Duke Distinguished Professor of English,1,English,Humanities,Full,
pankaj,https://scholars.duke.edu/person/pankaj,Pankaj K. Agarwal,RJR Nabisco Distinguished Professor of Computer Science in Trinity College of Arts and Sciences,1,Computer Science,Natural Sciences,Full,
monica.agrawal,https://scholars.duke.edu/person/monica.agrawal,Monica Agrawal,Assistant Professor of Biostatistics & Bioinformatics,0,,,,"primary appointment outside Trinity departments, or non-faculty title"
jahern,https://scholars.duke.edu/person/jahern,Jennifer Ahern Dodson,Professor of the Practice of the Writing and Rhetoric Program,0,,,,professor of the practice
aminuddin.ahmad,https://scholars.duke.edu/person/aminuddin.ahmad,Amin Ahmad,Lecturing Fellow of English,0,,,,lecturer/instructor
lamonte.aidoo,https://scholars.duke.edu/person/lamonte.aidoo,Lamonte Aidoo,Associate Professor of Romance Studies,1,Romance Studies,Humanities,Associate,
zoila.airall,https://scholars.duke.edu/person/zoila.airall,Zoila Airall,Adjunct Associate Professor of Education,0,,,,adjunct
victoria.akin,https://scholars.duke.edu/person/victoria.akin,Victoria S Akin,Associate Professor of the Practice of Mathematics,0,,,,professor of the practice
igor.akushevich,https://scholars.duke.edu/person/igor.akushevich,Igor Akushevich,Research Professor in the Social Science Research Institute,0,,,,research faculty
hashim.al.hashimi,https://scholars.duke.edu/person/hashim.al.hashimi,Hashim Al-Hashimi,Adjunct Professor in the Department of Biochemistry,0,,,,adjunct
alberts,https://scholars.duke.edu/person/alberts,Susan C. Alberts,Arts and Sciences Distinguished Professor of Biology,1,Biology,Natural Sciences,Full,
aldrich,https://scholars.duke.edu/person/aldrich,John Aldrich,"Pfizer, Inc./Edmund T. Pratt, Jr. University Distinguished Professor Emeritus of Political Science",0,,,,emeritus
edwin.alfonzo,https://scholars.duke.edu/person/edwin.alfonzo,,,1,Chemistry,Natural Sciences,Assistant,
wka,https://scholars.duke.edu/person/wka,William K. Allard,Professor Emeritus of Mathematics,0,,,,emeritus
anne.allison,https://scholars.duke.edu/person/anne.allison,Anne Allison,Professor Emeritus of Cultural Anthropology,0,,,,emeritus
attila.ambrus,https://scholars.duke.edu/person/attila.ambrus,Attila Ambrus,Professor of Economics,1,Economics,Social Sciences,Full,
dorsa.amir,https://scholars.duke.edu/person/dorsa.amir,Dorsa Amir,Assistant Professor of Psychology and Neuroscience,1,Psychology & Neuroscience,Natural Sciences,Assistant,
amy.anderson,https://scholars.duke.edu/person/amy.anderson,Amy Anderson,Associate Professor of the Practice of Education,0,,,,professor of the practice
eileen.anderson,https://scholars.duke.edu/person/eileen.anderson,Eileen M Anderson,Lecturing Fellow of Romance Studies,0,,,,lecturer/instructor
eda,https://scholars.duke.edu/person/eda,Edna Andrews,Nancy and Jeffrey Marcus Humanities Distinguished Professor of Slavic and Eurasian Studies,1,Slavic & Eurasian Studies,Humanities,Full,
adrian.angold,https://scholars.duke.edu/person/adrian.angold,Adrian Christopher Angold,Associate Professor Emeritus of Psychiatry and Behavioral Sciences,0,,,,emeritus
allison.anoll,https://scholars.duke.edu/person/allison.anoll,Allison P Anoll,Associate Professor of Political Science,1,Political Science,Social Sciences,Associate,
antliff,https://scholars.duke.edu/person/antliff,Mark Antliff,"Mary Grace Wilson Distinguished Professor Emeritus of Art, Art History & Visual Studies",0,,,,emeritus
james.anton,https://scholars.duke.edu/person/james.anton,James J. Anton,Wesley A. Magat Distinguished Professor of Business Administration,0,,,,"primary appointment outside Trinity departments, or non-faculty title"
canton,https://scholars.duke.edu/person/canton,Carla M. Antonaccio,Professor Emerita of Classical Studies,0,,,,emeritus
flath,https://scholars.duke.edu/person/flath,Carol Apollonio,Professor of the Practice Emeritus of Slavic and Eurasian Studies,0,,,,emeritus
james.applewhite,https://scholars.duke.edu/person/james.applewhite,James W. Applewhite,Professor Emeritus of English,0,,,,emeritus
wilkins.aquino,https://scholars.duke.edu/person/wilkins.aquino,Wilkins Aquino,Professor in the Thomas Lord Department of Mechanical Engineering and Materials Science,0,,,,"primary appointment outside Trinity departments, or non-faculty title"
atarce,https://scholars.duke.edu/person/atarce,Ayana T. Arce,Associate Professor of Physics,1,Physics,Natural Sciences,Associate,
whitney.arey,https://scholars.duke.edu/person/whitney.arey,Whitney Arey,Visiting Assistant Professor in the Department of Cultural Anthropology,0,,,,visiting
dan,https://scholars.duke.edu/person/dan,Dan Ariely,Professor of Business Administration,0,,,,"primary appointment outside Trinity departments, or non-faculty title"
alessandro.arlotto,https://scholars.duke.edu/person/alessandro.arlotto,Alessandro Arlotto,Associate Professor of Business Administration,0,,,,"primary appointment outside Trinity departments, or non-faculty title"
darmaleo,https://scholars.duke.edu/person/darmaleo,Daniele Armaleo,Associate Professor of the Practice Emeritus of Biology,0,,,,emeritus
n.b.armstrong,https://scholars.duke.edu/person/n.b.armstrong,Nancy Armstrong,"Gilbert, Louis, and Edward Lehrman Distinguished Professor Emerita of English",0,,,,emeritus
gaurav.arya,https://scholars.duke.edu/person/gaurav.arya,Gaurav Arya,Professor in the Thomas Lord Department of Mechanical Engineering and Materials Science,0,,,,"primary appointment outside Trinity departments, or non-faculty title"
filippo.ascolani,https://scholars.duke.edu/person/filippo.ascolani,Filippo Ascolani,Assistant Professor of Statistical Science,1,Statistical Science,Natural Sciences,Assistant,
asher,https://scholars.duke.edu/person/asher,Steven R. Asher,Professor of Psychology & Neuroscience,1,Psychology & Neuroscience,Natural Sciences,Full,
askounis,https://scholars.duke.edu/person/askounis,Christina Askounis,Lecturer Emerita of English,0,,,,emeritus
Charlotte.Asmuth,https://scholars.duke.edu/person/Charlotte.Asmuth,,,0,,,,"not tenure-track, or primary appointment outside Trinity departments (title not shown)"
psa,https://scholars.duke.edu/person/psa,Paul Stephen Aspinwall,Professor of Mathematics,1,Mathematics,Natural Sciences,Full,
stephanie.vial,https://scholars.duke.edu/person/stephanie.vial,Stephanie Vial Aspinwall,Instructor of Music,0,,,,lecturer/instructor
ola,https://scholars.duke.edu/person/ola,Owen L. Astrachan,Professor of the Practice of Computer Science,0,,,,professor of the practice
azhar,https://scholars.duke.edu/person/azhar,Salman Azhar,Executive in Residence of Business Administration,0,,,,"primary appointment outside Trinity departments, or non-faculty title"
bocar.ba,https://scholars.duke.edu/person/bocar.ba,Bocar A Ba,"Kathleen Kaylor and G. Richard Wagoner, Jr. Assistant Professor of Economics",1,Economics,Social Sciences,Assistant,
leslie.babinski,https://scholars.duke.edu/person/leslie.babinski,,,0,,,,"not tenure-track, or primary appointment outside Trinity departments (title not shown)"
leonardo.bacarreza,https://scholars.duke.edu/person/leonardo.bacarreza,Leonardo Bacarreza,Lecturing Fellow of Romance Studies,0,,,,lecturer/instructor
rbach,https://scholars.duke.edu/person/rbach,Rebecca L. Bach,Associate Professor of the Practice Emerita of Sociology,0,,,,emeritus
drbadrbadr,https://scholars.duke.edu/person/drbadrbadr,Badr Abdelfatta Badr,Lecturing Fellow in the Department of Asian & Middle Eastern Studies,0,,,,lecturer/instructor
jbagg,https://scholars.duke.edu/person/jbagg,Jonathan E. Bagg,Professor of the Practice of Music,0,,,,professor of the practice
christopher.bail,https://scholars.duke.edu/person/christopher.bail,Christopher Andrew Bail,Professor of Sociology,1,Sociology,Social Sciences,Full,
jeffrey.baker,https://scholars.duke.edu/person/jeffrey.baker,Jeffrey Paul Baker,Professor of Pediatrics,0,,,,"primary appointment outside Trinity departments, or non-faculty title"
ldbaker,https://scholars.duke.edu/person/ldbaker,Lee D. Baker,Professor of Cultural Anthropology,1,Cultural Anthropology,Social Sciences,Full,
pbaker,https://scholars.duke.edu/person/pbaker,Paul A. Baker,Professor Emeritus of Earth and Climate Science,0,,,,emeritus
Sarah.Baker,https://scholars.duke.edu/person/Sarah.Baker,Sarah Baker,Assistant Professor of the Practice in Asian and Middle Eastern Studies,0,,,,professor of the practice
Sarah.Balakrishnan,https://scholars.duke.edu/person/Sarah.Balakrishnan,Sarah Balakrishnan,Assistant Professor of History,1,History,Social Sciences,Assistant,
steven.baldwin,https://scholars.duke.edu/person/steven.baldwin,Steven W. Baldwin,Professor Emeritus of Chemistry,0,,,,emeritus
eballeis,https://scholars.duke.edu/person/eballeis,Edward J. Balleisen,Professor Emeritus of History,0,,,,emeritus
bill.bamberger,https://scholars.duke.edu/person/bill.bamberger,,,0,,,,"not tenure-track, or primary appointment outside Trinity departments (title not shown)"
banks,https://scholars.duke.edu/person/banks,David L. Banks,Professor of the Practice Emeritus of Statistical Science,0,,,,emeritus
ravi.bansal,https://scholars.duke.edu/person/ravi.bansal,Ravi Bansal,J.B. Fuqua Distinguished Professor of Business Administration,0,,,,"primary appointment outside Trinity departments, or non-faculty title"
rann.baron,https://scholars.duke.edu/person/rann.baron,Rann Bar-On,Senior Lecturer of Mathematics,0,,,,lecturer/instructor
dominika.baran,https://scholars.duke.edu/person/dominika.baran,Dominika M Baran,Associate Professor of English,1,English,Humanities,Associate,
harold.baranger,https://scholars.duke.edu/person/harold.baranger,Harold U. Baranger,Professor Emeritus of Physics,0,,,,emeritus
psbarbeau,https://scholars.duke.edu/person/psbarbeau,Phillip S. Barbeau,Professor of Physics,1,Physics,Natural Sciences,Full,
Fadi.Bardawil,https://scholars.duke.edu/person/Fadi.Bardawil,Fadi A Bardawil,Associate Professor of Asian and Middle Eastern Studies,1,Asian & Middle Eastern Studies,Humanities,Associate,
nicole.barnes,https://scholars.duke.edu/person/nicole.barnes,Nicole Elizabeth Barnes,Associate Professor of History,1,History,Social Sciences,Associate,
jason.baron,https://scholars.duke.edu/person/jason.baron,Jason Baron,Assistant Professor of Economics,1,Economics,Social Sciences,Assistant,
juliana.barr,https://scholars.duke.edu/person/juliana.barr,Juliana Barr,Associate Professor of History,1,History,Social Sciences,Associate,
alberto,https://scholars.duke.edu/person/alberto,,,1,Computer Science,Natural Sciences,Full,
barthel,https://scholars.duke.edu/person/barthel,,,0,,,,"not tenure-track, or primary appointment outside Trinity departments (title not shown)"
bass,https://scholars.duke.edu/person/bass,Steffen A. Bass,Arts and Sciences Distinguished Professor of Physics,1,Physics,Natural Sciences,Full,
nima.bassiri,https://scholars.duke.edu/person/nima.bassiri,Nima Bassiri,Associate Professor of Literature,1,Literature,Humanities,Associate,
ryan.baugh,https://scholars.duke.edu/person/ryan.baugh,L. Ryan Baugh,Professor of Biology,1,Biology,Natural Sciences,Full,
patrick.bayer,https://scholars.duke.edu/person/patrick.bayer,Patrick Bayer,Gilhuly Family Distinguished Professor in Economics,1,Economics,Social Sciences,Full,
beale,https://scholars.duke.edu/person/beale,J. Thomas Beale,Professor Emeritus of Mathematics,0,,,,emeritus
kyle.beardsley,https://scholars.duke.edu/person/kyle.beardsley,Kyle Beardsley,Professor of Political Science,1,Political Science,Social Sciences,Full,
cbecker,https://scholars.duke.edu/person/cbecker,Charles Maxwell Becker,Research Professor Emeritus of Economics,0,,,,emeritus
Matthew.Becker,https://scholars.duke.edu/person/Matthew.Becker,Matthew L Becker,Hugo L. Blomquist Distinguished Professor of Chemistry,1,Chemistry,Natural Sciences,Full,
ott,https://scholars.duke.edu/person/ott,Sarah Beckwith,Katherine Everett Gilbert Distinguished Professor of English,1,English,Humanities,Full,
mattia.begali,https://scholars.duke.edu/person/mattia.begali,Mattia Begali,Assistant Professor of the Practice of Romance Studies,0,,,,professor of the practice
bejsovec,https://scholars.duke.edu/person/bejsovec,Amy Bejsovec,Associate Professor of Biology,1,Biology,Natural Sciences,Associate,
dfbell,https://scholars.duke.edu/person/dfbell,David F. Bell,Professor Emeritus of Romance Studies,0,,,,emeritus
neal.bell,https://scholars.duke.edu/person/neal.bell,Neal C. Bell,Mary D.B.T. and James H. Semans Professor of the Practice of Theater Studies,0,,,,professor of the practice
torry.bend,https://scholars.duke.edu/person/torry.bend,Torry Bend,Professor of the Practice of Theater Studies,0,,,,professor of the practice
paul.bendich,https://scholars.duke.edu/person/paul.bendich,Paul L Bendich,Adjunct Professor of Mathematics,0,,,,adjunct
abbas.benmamoun,https://scholars.duke.edu/person/abbas.benmamoun,Abbas Benmamoun,Vice Provost for Faculty Advancement,1,Asian & Middle Eastern Studies,Humanities,Full,
lori.bennear,https://scholars.duke.edu/person/lori.bennear,Lori Snyder Bennear,Professor of Environmental Economics and Policy,0,,,,"primary appointment outside Trinity departments, or non-faculty title"
gary.bennett,https://scholars.duke.edu/person/gary.bennett,Gary G. Bennett,Dean of Trinity College of Arts & Sciences,1,Psychology & Neuroscience,Natural Sciences,Full,
jonathan.bennett,https://scholars.duke.edu/person/jonathan.bennett,Jonathan R. Bennett,Instructor in the Department of Physics,0,,,,lecturer/instructor
pablo.beramendi,https://scholars.duke.edu/person/pablo.beramendi,Pablo Beramendi,Newman Ivey White Distinguished Professor of Political Science,1,Political Science,Social Sciences,Full,
david.beratan,https://scholars.duke.edu/person/david.beratan,David N. Beratan,R.J. Reynolds Distinguished Professor of Chemistry,1,Chemistry,Natural Sciences,Full,
sam.berchuck,https://scholars.duke.edu/person/sam.berchuck,Samuel Berchuck,Assistant Professor of Biostatistics & Bioinformatics,0,,,,"primary appointment outside Trinity departments, or non-faculty title"
david.berger,https://scholars.duke.edu/person/david.berger,David Berger,Sally Dalton Robinson Professor of Economics,1,Economics,Social Sciences,Full,
berger,https://scholars.duke.edu/person/berger,James O. Berger,Arts and Sciences Distinguished Professor Emeritus of Statistics,0,,,,emeritus
Richard.Bergl,https://scholars.duke.edu/person/Richard.Bergl,Richard Bergl,Adjunct Assistant Prof in the Department of Evolutionary Anthropology,0,,,,adjunct
paul.berliner,https://scholars.duke.edu/person/paul.berliner,Paul Berliner,Arts and Sciences Distinguished Professor Emeritus of Music,0,,,,emeritus
sarah.bermeo,https://scholars.duke.edu/person/sarah.bermeo,Sarah Blodgett Bermeo,Associate Professor in the Sanford School of Public Policy,0,,,,"primary appointment outside Trinity departments, or non-faculty title"
emily.bernhardt,https://scholars.duke.edu/person/emily.bernhardt,Emily S. Bernhardt,James B. Duke Distinguished Professor Emeritus of Biology,0,,,,emeritus
jrb12,https://scholars.duke.edu/person/jrb12,James R. Bettman,Burlington Industries Distinguished Professor Emeritus of Business Administration,0,,,,emeritus
awb,https://scholars.duke.edu/person/awb,Alan Biermann,Professor Emeritus of Computer Science,0,,,,emeritus
Laura.Bilanceri,https://scholars.duke.edu/person/Laura.Bilanceri,Laura Bilanceri,Lecturing Fellow of Romance Studies,0,,,,lecturer/instructor
staci.bilbo,https://scholars.duke.edu/person/staci.bilbo,Staci D. Bilbo,Professor of Psychology and Neuroscience,1,Psychology & Neuroscience,Natural Sciences,Full,
cody.black,https://scholars.duke.edu/person/cody.black,,,0,,,,"not tenure-track, or primary appointment outside Trinity departments (title not shown)"
Taylor.Black,https://scholars.duke.edu/person/Taylor.Black,Taylor Black,Associate Professor of English,1,English,Humanities,Associate,
blake,https://scholars.duke.edu/person/blake,Lewis D. Blake,Associate Professor of the Practice Emeritus of Mathematics,0,,,,emeritus
tyler.bletsch,https://scholars.duke.edu/person/tyler.bletsch,,,0,,,,"not tenure-track, or primary appointment outside Trinity departments (title not shown)"
volker.blum,https://scholars.duke.edu/person/volker.blum,,,0,,,,"not tenure-track, or primary appointment outside Trinity departments (title not shown)"
blume003,https://scholars.duke.edu/person/blume003,James Alan Blumenthal,J. P. Gibbons Distinguished Professor Emeritus of Psychiatry,0,,,,emeritus
jab,https://scholars.duke.edu/person/jab,John A. Board,Associate Professor Emeritus of Electrical and Computer Engineering,0,,,,emeritus
tboat,https://scholars.duke.edu/person/tboat,Mary T. Boatwright,Professor Emerita of Classical Studies,0,,,,emeritus
tim.bollerslev,https://scholars.duke.edu/person/tim.bollerslev,Tim Bollerslev,"Juanita and Clifton Kreps Distinguished Professor of Economics, in Trinity College of Arts and Sciences",1,Economics,Social Sciences,Full,
Yvette.Bonaparte,https://scholars.duke.edu/person/Yvette.Bonaparte,Yvette Bonaparte,Visiting Associate Professor in Markets & Management Studies,0,,,,visiting
bona,https://scholars.duke.edu/person/bona,Celia J. Bonaventura,Professor Emeritus,0,,,,emeritus
eduardo.bonilla.silva,https://scholars.duke.edu/person/eduardo.bonilla.silva,Eduardo Bonilla-Silva,James B. Duke Distinguished Professor of Sociology,1,Sociology,Social Sciences,Full,
dirk.bonker,https://scholars.duke.edu/person/dirk.bonker,Dirk Bonker,Associate Professor of History,1,History,Social Sciences,Associate,
melanie.bonner,https://scholars.duke.edu/person/melanie.bonner,Melanie Jean Bonner,Professor in Psychiatry and Behavioral Sciences,0,,,,"primary appointment outside Trinity departments, or non-faculty title"
bookman,https://scholars.duke.edu/person/bookman,Jack Bookman,Professor of the Practice Emeritus of Mathematics,0,,,,emeritus
matthew.borths,https://scholars.duke.edu/person/matthew.borths,Matthew Borths,Adjunct Assistant Professor of Evolutionary Anthropology,0,,,,adjunct
sharieka.botex,https://scholars.duke.edu/person/sharieka.botex,Sharieka Botex,Assistant Professor of the Practice of the Writing and Rhetoric Program,0,,,,professor of the practice
boudreau,https://scholars.duke.edu/person/boudreau,Alan E. Boudreau,Professor Emeritus of Geology,0,,,,emeritus
MarieNatacha.Boum-Biyong,https://scholars.duke.edu/person/MarieNatacha.Boum-Biyong,Marie Natacha Boum-Biyong,Lecturing Fellow of Romance Studies,0,,,,lecturer/instructor
amal.boumaaza,https://scholars.duke.edu/person/amal.boumaaza,Amal Boumaaza,Lecturing Fellow in the Department of Asian & Middle Eastern Studies,0,,,,lecturer/instructor
alika.bourgette,https://scholars.duke.edu/person/alika.bourgette,Alika Bourgette,Assistant Professor of History,1,History,Social Sciences,Assistant,
dore.bowen,https://scholars.duke.edu/person/dore.bowen,Dore Bowen,"Research Professor of Art, Art History & Visual Studies",0,,,,research faculty
gale.boyd,https://scholars.duke.edu/person/gale.boyd,Gale Boyd,Associate Research Professor Emeritus in the Social Science Research Institute,0,,,,emeritus
doug.boyer,https://scholars.duke.edu/person/doug.boyer,Douglas Martin Boyer,Associate Professor of Evolutionary Anthropology,1,Evolutionary Anthropology,Natural Sciences,Associate,
katherine.brading,https://scholars.duke.edu/person/katherine.brading,Katherine A. Brading,Professor of Philosophy,1,Philosophy,Humanities,Full,
tatiana.brailovskaya,https://scholars.duke.edu/person/tatiana.brailovskaya,Tatiana I Brailovskaya,William W. Elliott Assistant Research Professor of Mathematics,0,,,,research faculty
rbrandon,https://scholars.duke.edu/person/rbrandon,,,0,,,,"not tenure-track, or primary appointment outside Trinity departments (title not shown)"
cbray,https://scholars.duke.edu/person/cbray,Clark Bray,Associate Professor of the Practice of Mathematics,0,,,,professor of the practice
hubert.bray,https://scholars.duke.edu/person/hubert.bray,Hubert Bray,Professor of Mathematics,1,Mathematics,Natural Sciences,Full,
john.bray,https://scholars.duke.edu/person/john.bray,John Bray,Visiting Associate Professor in the Department of Army ROTC,0,,,,visiting
marc.brettler,https://scholars.duke.edu/person/marc.brettler,Marc Zvi Brettler,Bernice and Morton Lerner Distinguished Professor Emeritus in Judaic Studies,0,,,,emeritus
richard.brodhead,https://scholars.duke.edu/person/richard.brodhead,Richard Brodhead,William Preston Few Distinguished Professor Emeritus,0,,,,emeritus
tdb,https://scholars.duke.edu/person/tdb,Thomas Brothers,Professor of Music,1,Music,Humanities,Full,
sbrover,https://scholars.duke.edu/person/sbrover,Sherryl A. Broverman,Professor of the Practice of Biology,0,,,,professor of the practice
anthony.brown,https://scholars.duke.edu/person/anthony.brown,Anthony S. Brown,Professor of the Practice Emeritus in the Sanford School of Public Policy,0,,,,emeritus
jbrown,https://scholars.duke.edu/person/jbrown,John V. Brown Jr.,Professor of the Practice of Music,0,,,,professor of the practice
Kenneth.Brown,https://scholars.duke.edu/person/Kenneth.Brown,Kenneth R Brown,Michael J. Fitzpatrick Distinguished Professor of Engineering,0,,,,"primary appointment outside Trinity departments, or non-faculty title"
rgb,https://scholars.duke.edu/person/rgb,Robert Brown,Senior Lecturer of Physics,0,,,,lecturer/instructor
tyson.brown1,https://scholars.duke.edu/person/tyson.brown1,Tyson Brown,Professor of Sociology,1,Sociology,Social Sciences,Full,
kelly.brownell,https://scholars.duke.edu/person/kelly.brownell,Kelly D. Brownell,Robert L. Flowers Distinguished Professor Emeritus of Public Policy,0,,,,emeritus
Nicolas.Brunel,https://scholars.duke.edu/person/Nicolas.Brunel,Nicolas Brunel,Adjunct Professor of Neurobiology,0,,,,adjunct
c.bruzelius,https://scholars.duke.edu/person/c.bruzelius,Caroline Bruzelius,Anne Murnick Cogan Distinguished Professor Emerita of Art and Art History,0,,,,emeritus
bryant,https://scholars.duke.edu/person/bryant,Robert Bryant,Phillip Griffiths Distinguished Professor of Mathematics,1,Mathematics,Natural Sciences,Full,
allenb,https://scholars.duke.edu/person/allenb,Allen Edward Buchanan,James B. Duke Distinguished Professor Emeritus of Philosophy,0,,,,emeritus
dorothy.buck,https://scholars.duke.edu/person/dorothy.buck,Dorothy Buck,Research Professor of Mathematics,0,,,,research faculty
floyd.bullard,https://scholars.duke.edu/person/floyd.bullard,Floyd Bullard,Instructor in the Department of Mathematics,0,,,,lecturer/instructor
pburian,https://scholars.duke.edu/person/pburian,Peter H. Burian,Professor Emeritus of Classical Studies,0,,,,emeritus
laurel.burkbauer,https://scholars.duke.edu/person/laurel.burkbauer,Laurel Burkbauer,Instructor of the Writing and Rhetoric Program,0,,,,lecturer/instructor
eb,https://scholars.duke.edu/person/eb,Edwin Burmeister,Research Professor Emeritus of Economics,0,,,,emeritus
lisa.burn,https://scholars.duke.edu/person/lisa.burn,Lisa Burn,Instructor of Music,0,,,,lecturer/instructor
craig.burnside,https://scholars.duke.edu/person/craig.burnside,A. Craig Burnside,Mary Grace Wilson Distinguished Professor,1,Economics,Social Sciences,Full,
ingrid,https://scholars.duke.edu/person/ingrid,Ingrid Bianca Byerly,Senior Lecturing Fellow of the Writing and Rhetoric Program,0,,,,lecturer/instructor
Anna.Bykhovskaya,https://scholars.duke.edu/person/Anna.Bykhovskaya,Anna Bykhovskaya,Assistant Professor of Economics,1,Economics,Social Sciences,Assistant,
laurasbyrneharpist,https://scholars.duke.edu/person/laurasbyrneharpist,Laura Byrne,Instructor of Music,0,,,,lecturer/instructor
cabeza,https://scholars.duke.edu/person/cabeza,Roberto Cabeza,Haley Family Professor of Psychology and Neuroscience,1,Psychology & Neuroscience,Natural Sciences,Full,
john.caccavale,https://scholars.duke.edu/person/john.caccavale,,,0,,,,"not tenure-track, or primary appointment outside Trinity departments (title not shown)"
nicolette.cagle,https://scholars.duke.edu/person/nicolette.cagle,Nicolette Cagle,Senior Lecturer in the Division of Environmental Social Systems,0,,,,lecturer/instructor
robert.calderbank,https://scholars.duke.edu/person/robert.calderbank,Robert Calderbank,Charles S. Sydnor Distinguished Professor of Computer Science,1,Computer Science,Natural Sciences,Full,
bruce.caldwell,https://scholars.duke.edu/person/bruce.caldwell,Bruce J. Caldwell,Research Professor Emeritus of Economics,0,,,,emeritus
lisa.cameron,https://scholars.duke.edu/person/lisa.cameron,Lisa Cameron,Associate Research Professor in the Department of Biology,0,,,,research faculty
tracie.canada,https://scholars.duke.edu/person/tracie.canada,Tracie Canada,Assistant Professor of Cultural Anthropology,1,Cultural Anthropology,Social Sciences,Assistant,
dorian.canelas,https://scholars.duke.edu/person/dorian.canelas,Dorian Canelas,Associate Professor of the Practice of Chemistry,0,,,,professor of the practice
rosalinda.canizares,https://scholars.duke.edu/person/rosalinda.canizares,Rosalinda Cacha Canizares,"Instructor, MC in the Department of Orthopaedic Surgery",0,,,,lecturer/instructor
r.caputo,https://scholars.duke.edu/person/r.caputo,Rene Caputo,Instructor in the Fuqua School of Business,0,,,,lecturer/instructor
lcarin,https://scholars.duke.edu/person/lcarin,Lawrence Carin,Professor Emeritus of Electrical and Computer Engineering,0,,,,emeritus
david.carlson,https://scholars.duke.edu/person/david.carlson,David Carlson,Yoh Family Associate Professor of Civil and Environmental Engineering,0,,,,"primary appointment outside Trinity departments, or non-faculty title"
karen.appleyard,https://scholars.duke.edu/person/karen.appleyard,Karen Appleyard Carmody,Professor of Psychiatry and Behavioral Sciences,0,,,,"primary appointment outside Trinity departments, or non-faculty title"
larissa.carneiro,https://scholars.duke.edu/person/larissa.carneiro,Larissa Soares Carneiro,Lecturing Fellow of Religious Studies,0,,,,lecturer/instructor
nicholas.carnes,https://scholars.duke.edu/person/nicholas.carnes,Nicholas W. Carnes,Z. Smith Reynolds Distinguished Professor of Public Policy Studies,0,,,,"primary appointment outside Trinity departments, or non-faculty title"
morgan.carney,https://scholars.duke.edu/person/morgan.carney,Morgan Carney,Instructor in the Program in Education,0,,,,lecturer/instructor
Arnaldo.Carreira_Rosario,https://scholars.duke.edu/person/Arnaldo.Carreira_Rosario,Arnaldo Carreira-Rosario,Assistant Professor of Biology,1,Biology,Natural Sciences,Assistant,
matt.cartmill,https://scholars.duke.edu/person/matt.cartmill,Matt Cartmill,Professor Emeritus of Evolutionary Anthropology,0,,,,emeritus
rec3,https://scholars.duke.edu/person/rec3,Rebecca Cary,Instructor B in the Department of Biology,0,,,,lecturer/instructor
laura.casa,https://scholars.duke.edu/person/laura.casa,Laura Casa,Senior Lecturer of Romance Studies,0,,,,lecturer/instructor
kevin.casey,https://scholars.duke.edu/person/kevin.casey,Kevin Ryan Casey,Lecturing Fellow of the Writing and Rhetoric Program,0,,,,lecturer/instructor
c.casias,https://scholars.duke.edu/person/c.casias,Cassandra Casias,Assistant Professor of Classical Studies,1,Classical Studies,Humanities,Assistant,
Franklin.Cason,https://scholars.duke.edu/person/Franklin.Cason,Franklin Cason Jr.,"Assistant Professor of the Practice of Art, Art History & Visual Studies",0,,,,professor of the practice
avshalom.caspi,https://scholars.duke.edu/person/avshalom.caspi,Avshalom Caspi,Edward M. Arnett Distinguished Professor of Psychology and Neuroscience,1,Psychology & Neuroscience,Natural Sciences,Full,
Laura.Castillo-Martinez,https://scholars.duke.edu/person/Laura.Castillo-Martinez,Laura Castillo Martinez,Assistant Professor of Economics,1,Economics,Social Sciences,Assistant,
susanna.caviglia,https://scholars.duke.edu/person/susanna.caviglia,Susanna Caviglia,"Adjunct Associate Professor of Art, Art History & Visual Studies",0,,,,adjunct
Marko.Cetina,https://scholars.duke.edu/person/Marko.Cetina,Marko Cetina,Assistant Professor of Physics,1,Physics,Natural Sciences,Assistant,
mine,https://scholars.duke.edu/person/mine,,,0,,,,"not tenure-track, or primary appointment outside Trinity departments (title not shown)"
william.chafe,https://scholars.duke.edu/person/william.chafe,William H. Chafe,Alice Mary Baldwin Distinguished Professor Emeritus of History,0,,,,emeritus
della.chambless,https://scholars.duke.edu/person/della.chambless,Della Chambless,Lecturing Fellow of Romance Studies,0,,,,lecturer/instructor
cliburn.chan,https://scholars.duke.edu/person/cliburn.chan,Chi Wei Cliburn Chan,Professor of Biostatistics & Bioinformatics,0,,,,"primary appointment outside Trinity departments, or non-faculty title"
sch,https://scholars.duke.edu/person/sch,Shailesh Chandrasekharan,Professor of Physics,1,Physics,Natural Sciences,Full,
ajbc,https://scholars.duke.edu/person/ajbc,Allison Chaney,Adjunct Professor of Business Administration,0,,,,adjunct
albert.chang,https://scholars.duke.edu/person/albert.chang,Albert M. Chang,Professor of Physics,1,Physics,Natural Sciences,Full,
Jennifer.Chang,https://scholars.duke.edu/person/Jennifer.Chang,Jennifer Chang,Instructor of Music,0,,,,lecturer/instructor
james.chappel,https://scholars.duke.edu/person/james.chappel,James Gregory Chappel,Associate Professor of History,1,History,Social Sciences,Associate,
patrick.charbonneau,https://scholars.duke.edu/person/patrick.charbonneau,Patrick Charbonneau,Professor of Physics,1,Physics,Natural Sciences,Full,
tanya.chartrand,https://scholars.duke.edu/person/tanya.chartrand,Tanya L. Chartrand,Roy J. Bostock Marketing Distinguished Professor,0,,,,"primary appointment outside Trinity departments, or non-faculty title"
chase,https://scholars.duke.edu/person/chase,Jeffrey S. Chase,Professor of Computer Science,1,Computer Science,Natural Sciences,Full,
mac58,https://scholars.duke.edu/person/mac58,,,0,,,,"not tenure-track, or primary appointment outside Trinity departments (title not shown)"
cheikh_saadbouh.cheikh_abdi_vall,https://scholars.duke.edu/person/cheikh_saadbouh.cheikh_abdi_vall,Cheikh Saadbouh Cheikh Abdi Vall,Lecturing Fellow in the Department of Asian & Middle Eastern Studies,0,,,,lecturer/instructor
Boyuan.Chen,https://scholars.duke.edu/person/Boyuan.Chen,,,0,,,,"not tenure-track, or primary appointment outside Trinity departments (title not shown)"
Tingjun.Chen,https://scholars.duke.edu/person/Tingjun.Chen,Tingjun Chen,Nortel Networks Assistant Professor of Electrical and Computer Engineering,0,,,,"primary appointment outside Trinity departments, or non-faculty title"
yiran.chen,https://scholars.duke.edu/person/yiran.chen,Yiran Chen,John Cocke Distinguished Professor,0,,,,"primary appointment outside Trinity departments, or non-faculty title"
Yunchuan.Chen,https://scholars.duke.edu/person/Yunchuan.Chen,Yunchuan Chen,Associate Professor of the Practice of Asian and Middle Eastern Studies,0,,,,professor of the practice
tony.cheng,https://scholars.duke.edu/person/tony.cheng,,,1,Sociology,Social Sciences,Assistant,
Xiuyuan.Cheng,https://scholars.duke.edu/person/Xiuyuan.Cheng,Xiuyuan Cheng,Professor of Mathematics,1,Mathematics,Natural Sciences,Full,
aria.chernik,https://scholars.duke.edu/person/aria.chernik,Aria Chernik,Associate Professor of the Practice in the Social Science Research Institute,0,,,,professor of the practice
Calvin.Cheung-Miaw,https://scholars.duke.edu/person/Calvin.Cheung-Miaw,Calvin Ryan Cheung-Miaw,Cordelia and William Laverack Family Assistant Professor of History,1,History,Social Sciences,Assistant,
ashutosh.chilkoti,https://scholars.duke.edu/person/ashutosh.chilkoti,Ashutosh Chilkoti,Alan L. Kaganov Distinguished Professor of Biomedical Engineering,0,,,,"primary appointment outside Trinity departments, or non-faculty title"
lching,https://scholars.duke.edu/person/lching,Leo Ching,Professor of Asian and Middle Eastern Studies,1,Asian & Middle Eastern Studies,Humanities,Full,
germain.choffart,https://scholars.duke.edu/person/germain.choffart,Germain Choffart,Lecturing Fellow of Romance Studies,0,,,,lecturer/instructor
ya-chuan.chou,https://scholars.duke.edu/person/ya-chuan.chou,Ya-Chuan Chou,Lecturing Fellow in the Department of Asian & Middle Eastern Studies,0,,,,lecturer/instructor
eileen.chow,https://scholars.duke.edu/person/eileen.chow,Eileen Chengyin Chow,Associate Professor of the Practice of Asian and Middle Eastern Studies,0,,,,professor of the practice
rey.chow,https://scholars.duke.edu/person/rey.chow,Rey Chow,Andrew W. Mellon Distinguished Professor in the Humanities,1,Literature,Humanities,Full,
normc,https://scholars.duke.edu/person/normc,Norman L. Christensen,Professor Emeritus in the Division of Environmental Natural Sciences,0,,,,emeritus
churchy,https://scholars.duke.edu/person/churchy,Steven E. Churchill,Professor in the Department of Evolutionary Anthropology,1,Evolutionary Anthropology,Natural Sciences,Full,
veronica.ciocanel,https://scholars.duke.edu/person/veronica.ciocanel,Maria-Veronica Ciocanel,Assistant Professor of Mathematics,1,Mathematics,Natural Sciences,Assistant,
jimclark,https://scholars.duke.edu/person/jimclark,James S. Clark,Nicholas Distinguished Professor of Environmental Science,0,,,,"primary appointment outside Trinity departments, or non-faculty title"
gail.clements,https://scholars.duke.edu/person/gail.clements,Gaillynn Clements,Lecturing Fellow in the Department of Linguistics,0,,,,lecturer/instructor
kaley.clements,https://scholars.duke.edu/person/kaley.clements,Kaley Clements,Assistant Professor of Media and Arts at Duke Kunshan University,0,,,,"primary appointment outside Trinity departments, or non-faculty title"
jcliffor,https://scholars.duke.edu/person/jcliffor,Joan Clifford,Associate Professor of the Practice of Romance Studies,0,,,,professor of the practice
charles.clotfelter,https://scholars.duke.edu/person/charles.clotfelter,Charles T. Clotfelter,Z. Smith Reynolds Distinguished Professor Emeritus of Public Policy Studies,0,,,,emeritus
Kristin.CLOTFELTER,https://scholars.duke.edu/person/Kristin.CLOTFELTER,Kristin Clotfelter,Instructor in the Dance Program,0,,,,lecturer/instructor
jclum1941,https://scholars.duke.edu/person/jclum1941,John M. Clum,Professor Emeritus of Theater Studies,0,,,,emeritus
catherine.taylor,https://scholars.duke.edu/person/catherine.taylor,Catherine Clune-Taylor,"Assistant Professor of Gender, Sexuality & Feminist Studies",1,"Gender, Sexuality & Feminist Studies",Social Sciences,Assistant,
clyde,https://scholars.duke.edu/person/clyde,Merlise Clyde,Professor of Statistical Science,1,Statistical Science,Natural Sciences,Full,
andrew.coates,https://scholars.duke.edu/person/andrew.coates,,,0,,,,"not tenure-track, or primary appointment outside Trinity departments (title not shown)"
jasmine.cobb,https://scholars.duke.edu/person/jasmine.cobb,,,1,African & African American Studies,Social Sciences,Full,
gregory.cogan,https://scholars.duke.edu/person/gregory.cogan,Gregory Cogan,Associate Professor in Neurology,0,,,,"primary appointment outside Trinity departments, or non-faculty title"
bec2,https://scholars.duke.edu/person/bec2,Brian Edward Coggins,Assistant Research Professor of Biochemistry,0,,,,research faculty
wesley.cohen,https://scholars.duke.edu/person/wesley.cohen,Wesley M. Cohen,Snow Family Distinguished Professor,0,,,,"primary appointment outside Trinity departments, or non-faculty title"
john.coie,https://scholars.duke.edu/person/john.coie,John D. Coie,Professor Emeritus of Psychology: Social and Health Sciences,0,,,,emeritus
lisa.andres,https://scholars.duke.edu/person/lisa.andres,Lisa Andres Cole,Lecturing Fellow of the Writing and Rhetoric Program,0,,,,lecturer/instructor
coleman,https://scholars.duke.edu/person/coleman,Wilbur John Coleman,Professor of Business Administration,0,,,,"primary appointment outside Trinity departments, or non-faculty title"
allan.collard.wexler,https://scholars.duke.edu/person/allan.collard.wexler,Allan Collard-Wexler,Professor of Economics,1,Economics,Social Sciences,Full,
steven.columbaro,https://scholars.duke.edu/person/steven.columbaro,Steven A Columbaro,Instructor of Economics,0,,,,lecturer/instructor
comerd,https://scholars.duke.edu/person/comerd,Denise K. Comer,Professor of the Practice of the Writing and Rhetoric Program,0,,,,professor of the practice
vincent.conitzer,https://scholars.duke.edu/person/vincent.conitzer,Vincent Conitzer,Adjunct Professor in the Department of Computer Science,0,,,,adjunct
connolly,https://scholars.duke.edu/person/connolly,Michelle P. Connolly,Professor of the Practice of Economics,0,,,,professor of the practice
rconrad,https://scholars.duke.edu/person/rconrad,Robert F. Conrad,Associate Professor Emeritus of Public Policy,0,,,,emeritus
hannah.conway,https://scholars.duke.edu/person/hannah.conway,Hannah Conway,Assistant Professor of History,1,History,Social Sciences,Assistant,
nicholas.cook,https://scholars.duke.edu/person/nicholas.cook,Nicholas A Cook,Assistant Professor of Mathematics,1,Mathematics,Natural Sciences,Assistant,
pcook,https://scholars.duke.edu/person/pcook,Philip J. Cook,ITT/Terry Sanford Distinguished Professor Emeritus of Public Policy Studies,0,,,,emeritus
cooperh,https://scholars.duke.edu/person/cooperh,Harris M. Cooper,Hugo L. Blomquist Distinguished Professor Emeritus of Psychology and Neuroscience,0,,,,emeritus
CARLA.COPELAND-BURNS,https://scholars.duke.edu/person/CARLA.COPELAND-BURNS,Carla Copeland-Burns,Instructor of Music,0,,,,lecturer/instructor
Jessica.Corey,https://scholars.duke.edu/person/Jessica.Corey,,,0,,,,"not tenure-track, or primary appointment outside Trinity departments (title not shown)"
bruce.corliss,https://scholars.duke.edu/person/bruce.corliss,Bruce Corliss,Professor Emeritus,0,,,,emeritus
costanzo,https://scholars.duke.edu/person/costanzo,Philip R. Costanzo,Professor Emeritus of Psychology and Neuroscience,0,,,,emeritus
jcostell,https://scholars.duke.edu/person/jcostell,Elizabeth Jane Costello,Professor Emerita in Psychiatry and Behavioral Sciences,0,,,,emeritus
charlie.cox,https://scholars.duke.edu/person/charlie.cox,Charlie T. Cox,Associate Professor of the Practice of Chemistry,0,,,,professor of the practice
maureen.craig,https://scholars.duke.edu/person/maureen.craig,Maureen Alyson Craig,Associate Professor of Psychology and Neuroscience,1,Psychology & Neuroscience,Natural Sciences,Associate,
stephen.craig,https://scholars.duke.edu/person/stephen.craig,Stephen L Craig,William T. Miller Distinguished Professor of Chemistry,1,Chemistry,Natural Sciences,Full,
rex.crews,https://scholars.duke.edu/person/rex.crews,Rex Crews,Lecturing Fellow in the Department of Classical Studies,0,,,,lecturer/instructor
michaeline.crichlow,https://scholars.duke.edu/person/michaeline.crichlow,Michaeline A. Crichlow,Professor in the Department of African and African American Studies,1,African & African American Studies,Social Sciences,Full,
suzanne.crifo,https://scholars.duke.edu/person/suzanne.crifo,Suzanne Crifo,Assistant Professor of the Practice of Mathematics,0,,,,professor of the practice
alvin.crumbliss,https://scholars.duke.edu/person/alvin.crumbliss,Alvin L. Crumbliss,University Distinguished Service Professor Emeritus,0,,,,emeritus
emily.cuddy,https://scholars.duke.edu/person/emily.cuddy,Emily A Cuddy,Assistant Professor of Economics,1,Economics,Social Sciences,Assistant,
jonathon.cummings,https://scholars.duke.edu/person/jonathon.cummings,Jonathon Cummings,Professor of Business Administration,0,,,,"primary appointment outside Trinity departments, or non-faculty title"
cliff,https://scholars.duke.edu/person/cliff,Clifford W. Cunningham,Professor of Biology,1,Biology,Natural Sciences,Full,
curry005,https://scholars.duke.edu/person/curry005,John F. Curry,Professor Emeritus of Psychiatry and Behavioral Sciences,0,,,,emeritus
stefano.curtarolo,https://scholars.duke.edu/person/stefano.curtarolo,Stefano Curtarolo,Edmund T. Pratt Jr. School Distinguished Professor of Mechanical Engineering and Materials Science,0,,,,"primary appointment outside Trinity departments, or non-faculty title"
jennifer.curtis2,https://scholars.duke.edu/person/jennifer.curtis2,Jennifer Curtis,Instructor of Music,0,,,,lecturer/instructor
Mike.D'Alessandro,https://scholars.duke.edu/person/Mike.D'Alessandro,Michael F D'Alessandro,Associate Professor of English,1,English,Humanities,Associate,
shani.b,https://scholars.duke.edu/person/shani.b,Shaundra Daily,Cue Family Professor of the Practice,0,,,,professor of the practice
dainotto,https://scholars.duke.edu/person/dainotto,Roberto Maria Dainotto,William Hane Wannamaker Professor of Literature,1,Literature,Humanities,Full,
kisha.daniels,https://scholars.duke.edu/person/kisha.daniels,Kisha N Daniels,Assistant Professor of the Practice of Education,0,,,,professor of the practice
william.darity,https://scholars.duke.edu/person/william.darity,William A. Darity Jr.,Samuel DuBois Cook Distinguished Professor Emeritus of Public Policy,0,,,,emeritus
samit.dasgupta,https://scholars.duke.edu/person/samit.dasgupta,Samit Dasgupta,James B. Duke Distinguished Professor of Mathematics,1,Mathematics,Natural Sciences,Full,
ingrid.daubechies,https://scholars.duke.edu/person/ingrid.daubechies,Ingrid Daubechies,James B. Duke Distinguished Professor Emeritus of Mathematics,0,,,,emeritus
cathy.davidson,https://scholars.duke.edu/person/cathy.davidson,Cathy N. Davidson,Ruth F. DeVarney Distinguished Professor Emerita of Interdisciplinary Studies,0,,,,emeritus
hdavid,https://scholars.duke.edu/person/hdavid,Harry L. Davidson Jr.,Professor of the Practice of Music,0,,,,professor of the practice
Hannah.Davis,https://scholars.duke.edu/person/Hannah.Davis,Hannah Davis,Senior Lecturer of the Writing and Rhetoric Program,0,,,,lecturer/instructor
gdav,https://scholars.duke.edu/person/gdav,N. Gregson Davis,Andrew W. Mellon Distinguished Research Professor Emeritus of Humanities,0,,,,emeritus
simon.davis,https://scholars.duke.edu/person/simon.davis,Simon Wilton Davis,Adjunct Associate Professor in the Department of Neurology,0,,,,adjunct
geraldine.dawson,https://scholars.duke.edu/person/geraldine.dawson,Geraldine Dawson,William Cleland Distinguished Professor,0,,,,"primary appointment outside Trinity departments, or non-faculty title"
ruthday,https://scholars.duke.edu/person/ruthday,Ruth S. Day,Associate Professor of Psychology and Neuroscience,1,Psychology & Neuroscience,Natural Sciences,Associate,
felipe.debrigard,https://scholars.duke.edu/person/felipe.debrigard,Felipe De Brigard,Professor of Philosophy,1,Philosophy,Humanities,Full,
jeffrey.desimone,https://scholars.duke.edu/person/jeffrey.desimone,Jeffrey DeSimone,Professor of the Practice of Economics,0,,,,professor of the practice
a.dean,https://scholars.duke.edu/person/a.dean,Allison Dean,Instructor of Cinematic Arts,0,,,,lecturer/instructor
cesar.delcastillovega,https://scholars.duke.edu/person/cesar.delcastillovega,Cesar Del Castillo,Instructor in the Department of Romance Studies,0,,,,lecturer/instructor
olivier.delaire,https://scholars.duke.edu/person/olivier.delaire,Olivier Delaire,Associate Professor of the Thomas Lord Department of Mechanical Engineering and Materials Science,0,,,,"primary appointment outside Trinity departments, or non-faculty title"
emily.derbyshire,https://scholars.duke.edu/person/emily.derbyshire,Emily R. Derbyshire,Pelham Wilder Distinguished Professor of Chemistry,1,Chemistry,Natural Sciences,Full,
sarah.deutsch,https://scholars.duke.edu/person/sarah.deutsch,Sarah Jane Deutsch,Professor Emerita of History,0,,,,emeritus
bhuwan.dhingra,https://scholars.duke.edu/person/bhuwan.dhingra,Bhuwan Dhingra,Assistant Professor of Computer Science,1,Computer Science,Natural Sciences,Assistant,
bhdic,https://scholars.duke.edu/person/bhdic,Barbara Dickinson,Professor of the Practice Emerita of Dance,0,,,,emeritus
ldigby,https://scholars.duke.edu/person/ldigby,Leslie J. Digby,Associate Professor of the Practice of Evolutionary Anthropology,0,,,,professor of the practice
jens.dilling,https://scholars.duke.edu/person/jens.dilling,Jens Dilling,Research Professor in the Department of Physics,0,,,,research faculty
sheila.dillon,https://scholars.duke.edu/person/sheila.dillon,Sheila Dillon,Anne Murnick Cogan Distinguished Professor of Art and Art History,1,"Art, Art History & Visual Studies",Humanities,Full,
Michael.Dimpfl,https://scholars.duke.edu/person/Michael.Dimpfl,Michael Daniel Dimpfl,Lecturing Fellow of the Writing and Rhetoric Program,0,,,,lecturer/instructor
michael.dinerstein,https://scholars.duke.edu/person/michael.dinerstein,Michael F Dinerstein,Associate Professor of Economics,1,Economics,Social Sciences,Associate,
aaron.dinin,https://scholars.duke.edu/person/aaron.dinin,Aaron P Dinin,Senior Lecturing Fellow in Innovation & Entrepreneurship,0,,,,lecturer/instructor
eric.disbro,https://scholars.duke.edu/person/eric.disbro,Eric Disbro,Assistant Professor of Romance Studies,1,Romance Studies,Humanities,Assistant,
rafael.dix.carneiro,https://scholars.duke.edu/person/rafael.dix.carneiro,Rafael Dix-Carneiro,Professor of Economics,1,Economics,Social Sciences,Full,
james.dobbins,https://scholars.duke.edu/person/james.dobbins,James T. Dobbins III,Professor Emeritus in Radiology,0,,,,emeritus
dodge,https://scholars.duke.edu/person/dodge,Kenneth A. Dodge,William McDougall Distinguished Professor of Public Policy Studies,0,,,,"primary appointment outside Trinity departments, or non-faculty title"
john.dolbow,https://scholars.duke.edu/person/john.dolbow,John Everett Dolbow,Fitzgerald S. Hudson Distinguished Professor of Mechanical Engineering and Materials Science,0,,,,"primary appointment outside Trinity departments, or non-faculty title"
michael.domeracki,https://scholars.duke.edu/person/michael.domeracki,Michael Stefan Domeracki,Director of Constellations and Adjunct Instructor in Religious Studies,0,,,,lecturer/instructor
joseph.donahue,https://scholars.duke.edu/person/joseph.donahue,Joseph Donahue,Professor of the Practice of English,0,,,,professor of the practice
bruce.donald,https://scholars.duke.edu/person/bruce.donald,,,1,Computer Science,Natural Sciences,Full,
conghan.dong,https://scholars.duke.edu/person/conghan.dong,Conghan Dong,William W. Elliott Assistant Research Professor of Mathematics,0,,,,research faculty
xinyu.dong,https://scholars.duke.edu/person/xinyu.dong,Cynthia Dong,Visiting Assistant Professor in English,0,,,,visiting
Ke.Dong,https://scholars.duke.edu/person/Ke.Dong,Ke Dong,Professor in Biology,1,Biology,Natural Sciences,Full,
xdong,https://scholars.duke.edu/person/xdong,Xinnian Dong,Arts and Sciences Distinguished Professor of Biology,1,Biology,Natural Sciences,Full,
k.donohue,https://scholars.duke.edu/person/k.donohue,Kathleen Donohue,Professor of Biology,1,Biology,Natural Sciences,Full,
Caitlin.Donovan,https://scholars.duke.edu/person/Caitlin.Donovan,Caitlin M Donovan,Instructional Staff in the Master of Arts in Teaching Program,0,,,,lecturer/instructor
Ryan.Donovan,https://scholars.duke.edu/person/Ryan.Donovan,Ryan M Donovan,Assistant Professor of Theater Studies,1,Theater Studies,Humanities,Assistant,
phyllis.dooney,https://scholars.duke.edu/person/phyllis.dooney,Phyllis B Dooney,Instructor in the Department of Masters of Fine Arts in Experimental and Documentary Arts,0,,,,lecturer/instructor
adorfman,https://scholars.duke.edu/person/adorfman,Ariel Dorfman,Walter Hines Page Distinguished Research Professor Emeritus of Literature,0,,,,emeritus
mdorranc,https://scholars.duke.edu/person/mdorranc,M Dorrance,Associate Professor of the Practice Emeritus of Dance,0,,,,emeritus
shannon.dougherty,https://scholars.duke.edu/person/shannon.dougherty,Shannon Dougherty,Instructor B in the Department of Biology,0,,,,lecturer/instructor
patrick.douthit,https://scholars.duke.edu/person/patrick.douthit,Patrick Douthit,Lecturing Fellow in the Department of African & African American Studies,0,,,,lecturer/instructor
sara.doyle,https://scholars.duke.edu/person/sara.doyle,Sara Doyle,"Instructor, Medical Center in the Department of Orthopaedic Surgery",0,,,,lecturer/instructor
cdrea,https://scholars.duke.edu/person/cdrea,Christine M. Drea,Professor in the Department of Evolutionary Anthropology,1,Evolutionary Anthropology,Natural Sciences,Full,
bastiaan.driehuys,https://scholars.duke.edu/person/bastiaan.driehuys,Bastiaan Driehuys,Professor of Radiology,0,,,,"primary appointment outside Trinity departments, or non-faculty title"
kate.driscoll,https://scholars.duke.edu/person/kate.driscoll,Kate Driscoll,Andrew W. Mellon Assistant Professor of Romance Studies,1,Romance Studies,Humanities,Assistant,
prasenjit.duara,https://scholars.duke.edu/person/prasenjit.duara,Prasenjit Duara,Oscar L. Tang Family Distinguished Professor Emeritus of East Asian Studies,0,,,,emeritus
patrick.duddy,https://scholars.duke.edu/person/patrick.duddy,Patrick Duddy,Senior Lecturing Fellow in the Fuqua School of Business,0,,,,lecturer/instructor
naomi.duke,https://scholars.duke.edu/person/naomi.duke,Naomi Nichele Duke,Associate Professor of Pediatrics,0,,,,"primary appointment outside Trinity departments, or non-faculty title"
kt.duncan,https://scholars.duke.edu/person/kt.duncan,Kristin Danielle-Taylor Duncan,Instructor in the Dance Program,0,,,,lecturer/instructor
alexander.dunlap,https://scholars.duke.edu/person/alexander.dunlap,Alexander J Dunlap,Assistant Professor of Mathematics,1,Mathematics,Natural Sciences,Assistant,
opera,https://scholars.duke.edu/person/opera,Susan R. Dunn,Professor of the Practice Emerita of Music,0,,,,emeritus
meagan.dunphy-daly,https://scholars.duke.edu/person/meagan.dunphy-daly,Meagan Mna Dunphy-Daly,Assistant Professor of the Practice in Experiential Education in the Division of Marine Science and Conservation,0,,,,professor of the practice
dunson,https://scholars.duke.edu/person/dunson,David B. Dunson,Arts and Sciences Distinguished Professor of Statistical Science,1,Statistical Science,Natural Sciences,Full,
matthew.dupre,https://scholars.duke.edu/person/matthew.dupre,Matthew E. Dupre,Professor in Population Health Sciences,0,,,,"primary appointment outside Trinity departments, or non-faculty title"
rtd,https://scholars.duke.edu/person/rtd,Richard Timothy Durrett,James B. Duke Distinguished Professor Emeritus of Mathematics,0,,,,emeritus
rcd,https://scholars.duke.edu/person/rcd,Robert C. Duvall,Senior Lecturer Emeritus of Computer Science,0,,,,emeritus
david.eagle,https://scholars.duke.edu/person/david.eagle,,,0,,,,"not tenure-track, or primary appointment outside Trinity departments (title not shown)"
emily.edwards,https://scholars.duke.edu/person/emily.edwards,Emily Edwards,Associate Research Professor in the Department of Electrical and Computer Engineering,0,,,,research faculty
gedwards,https://scholars.duke.edu/person/gedwards,Glenn S. Edwards,Professor Emeritus of Physics,0,,,,emeritus
helen.egger,https://scholars.duke.edu/person/helen.egger,Helen Link Egger,Adjunct Professor in the Department of Psychiatry and Behavioral Sciences,0,,,,adjunct
tobias.egner,https://scholars.duke.edu/person/tobias.egner,Tobias Egner,Professor of Psychology and Neuroscience,1,Psychology & Neuroscience,Natural Sciences,Full,
erin.ehmke,https://scholars.duke.edu/person/erin.ehmke,Erin Ehmke,Adjunct Assistant Professor of Evolutionary Anthropology,0,,,,adjunct
miriam.ehrensaft,https://scholars.duke.edu/person/miriam.ehrensaft,Miriam K Ehrensaft,Medical Associate Professor in the Department of Psychiatry and Behavioral Sciences,0,,,,"primary appointment outside Trinity departments, or non-faculty title"
martin.eisner,https://scholars.duke.edu/person/martin.eisner,Martin Eisner,William Hane Wannamaker Professor of Romance Studies,1,Romance Studies,Humanities,Full,
ethan.eldred,https://scholars.duke.edu/person/ethan.eldred,Ethan Baird Eldred,Lecturing Fellow in the Department of Theater Studies,0,,,,lecturer/instructor
Tarek.Elgindi,https://scholars.duke.edu/person/Tarek.Elgindi,Tarek M Elgindi,Professor of Mathematics,1,Mathematics,Natural Sciences,Full,
pardis.emami_naeini,https://scholars.duke.edu/person/pardis.emami_naeini,Pardis Emami-Naeini,Assistant Professor of Computer Science,1,Computer Science,Natural Sciences,Assistant,
sheryl.emch,https://scholars.duke.edu/person/sheryl.emch,Sheryl Welte Emch,Lecturing Fellow of the Writing and Rhetoric Program,0,,,,lecturer/instructor
hendo,https://scholars.duke.edu/person/hendo,Hitomi Endo,Associate Professor of the Practice Emerita of Asian and Middle Eastern Studies,0,,,,emeritus
stefani.engelstein,https://scholars.duke.edu/person/stefani.engelstein,Stefani Engelstein,Professor of German Studies,1,German Studies,Humanities,Full,
penglish,https://scholars.duke.edu/person/penglish,Peter C. English,Professor Emeritus of History,0,,,,emeritus
Sophia.Enriquez,https://scholars.duke.edu/person/Sophia.Enriquez,Sophia Enriquez,Assistant Professor of Music,1,Music,Humanities,Assistant,
cerick,https://scholars.duke.edu/person/cerick,Carl J. Erickson,Professor Emeritus of Psychological and Brain Sciences,0,,,,emeritus
Nicholas.Eubank,https://scholars.duke.edu/person/Nicholas.Eubank,,,0,,,,"not tenure-track, or primary appointment outside Trinity departments (title not shown)"
barohny.eun,https://scholars.duke.edu/person/barohny.eun,Barohny Eun,Lecturing Fellow in the Department of Asian & Middle Eastern Studies,0,,,,lecturer/instructor
Benjamin.Eva,https://scholars.duke.edu/person/Benjamin.Eva,,,1,Philosophy,Humanities,Associate,
katarina.evans,https://scholars.duke.edu/person/katarina.evans,Katarina Danielle Evans,Assistant Research Professor in the Department of Evolutionary Anthropology,0,,,,research faculty
heveritt,https://scholars.duke.edu/person/heveritt,Henry Everitt,Adjunct Professor in the Department of Physics,0,,,,adjunct
katryn.evinson,https://scholars.duke.edu/person/katryn.evinson,Katryn Evinson,Assistant Professor of Romance Studies,1,Romance Studies,Humanities,Assistant,
jewald,https://scholars.duke.edu/person/jewald,Janet J. Ewald,Associate Professor Emerita of History,0,,,,emeritus
katherine.ewing,https://scholars.duke.edu/person/katherine.ewing,,,0,,,,"not tenure-track, or primary appointment outside Trinity departments (title not shown)"
rebecca.ewing,https://scholars.duke.edu/person/rebecca.ewing,Rebecca A Ewing,Lecturing Fellow of Romance Studies,0,,,,lecturer/instructor
brandon.fain,https://scholars.duke.edu/person/brandon.fain,Brandon Fain,Cue Family Associate Professor of the Practice of Computer Science,0,,,,professor of the practice
john.fairbank,https://scholars.duke.edu/person/john.fairbank,John A. Fairbank,Professor Emeritus in Psychiatry and Behavioral Sciences,0,,,,emeritus
susan.fancher,https://scholars.duke.edu/person/susan.fancher,,,0,,,,"not tenure-track, or primary appointment outside Trinity departments (title not shown)"
di.fang,https://scholars.duke.edu/person/di.fang,Di Fang,Assistant Professor of Mathematics,1,Mathematics,Natural Sciences,Assistant,
farahany,https://scholars.duke.edu/person/farahany,Nita A. Farahany,Robinson O. Everett Distinguished Professor of Law,0,,,,"primary appointment outside Trinity departments, or non-faculty title"
sina.farsiu,https://scholars.duke.edu/person/sina.farsiu,Sina Farsiu,Anderson-Rupp Professor of Biomedical Engineering,0,,,,"primary appointment outside Trinity departments, or non-faculty title"
pfeaver,https://scholars.duke.edu/person/pfeaver,Peter D. Feaver,Professor of Political Science,1,Political Science,Social Sciences,Full,
maria.febbo,https://scholars.duke.edu/person/maria.febbo,Maria Febbo,Senior Lecturer of Sociology,0,,,,lecturer/instructor
Thomas.Federle,https://scholars.duke.edu/person/Thomas.Federle,Ted Federle,Instructor of Music,0,,,,lecturer/instructor
fellin,https://scholars.duke.edu/person/fellin,Luciana Fellin,Professor of the Practice of Romance Studies,0,,,,professor of the practice
mtf,https://scholars.duke.edu/person/mtf,Michael T. Ferejohn,Professor Emeritus of Philosophy,0,,,,emeritus
lee.ferguson,https://scholars.duke.edu/person/lee.ferguson,P. Lee Ferguson,Professor of Civil and Environmental Engineering,0,,,,"primary appointment outside Trinity departments, or non-faculty title"
ana.fernandez,https://scholars.duke.edu/person/ana.fernandez,Ana Fernandez,Lecturing Fellow of Romance Studies,0,,,,lecturer/instructor
bfv67,https://scholars.duke.edu/person/bfv67,Bethzaida Fernandez,Senior Lecturer of Romance Studies,0,,,,lecturer/instructor
ferraro,https://scholars.duke.edu/person/ferraro,Thomas J. Ferraro,Professor of English,1,English,Humanities,Full,
bill.fick,https://scholars.duke.edu/person/bill.fick,William Fick,"Lecturing Fellow of Art, Art History & Visual Studies",0,,,,lecturer/instructor
field.erica,https://scholars.duke.edu/person/field.erica,Erica Field,James B. Duke Distinguished Professor of Economics,1,Economics,Social Sciences,Full,
stefano.filipazzi,https://scholars.duke.edu/person/stefano.filipazzi,Stefano Filipazzi,Assistant Professor of Mathematics,1,Mathematics,Natural Sciences,Assistant,
gleb.finkelstein,https://scholars.duke.edu/person/gleb.finkelstein,Gleb Finkelstein,Professor of Physics,1,Physics,Natural Sciences,Full,
vfinucci,https://scholars.duke.edu/person/vfinucci,Valeria Finucci,Professor Emerita of Romance Studies,0,,,,emeritus
gregory.fischer,https://scholars.duke.edu/person/gregory.fischer,Gregory W. Fischer,Professor Emeritus of Business Administration,0,,,,emeritus
martin.fischer,https://scholars.duke.edu/person/martin.fischer,Martin Fischer,Adjunct Professor in the Department of Chemistry,0,,,,adjunct
pfish,https://scholars.duke.edu/person/pfish,Peter G. Fish,Professor Emeritus of Political Science and Law,0,,,,emeritus
Alexander.Fisher,https://scholars.duke.edu/person/Alexander.Fisher,Alexander Fisher,Assistant Professor of the Practice of Statistical Science,0,,,,professor of the practice
kinsey.fisher,https://scholars.duke.edu/person/kinsey.fisher,Kinsey Fisher,Instructor B in the Department of Biology,0,,,,lecturer/instructor
michael.c.fitzgerald,https://scholars.duke.edu/person/michael.c.fitzgerald,Michael C. Fitzgerald,Professor of Chemistry,1,Chemistry,Natural Sciences,Full,
brian.d.fitzpatrick,https://scholars.duke.edu/person/brian.d.fitzpatrick,Brian Fitzpatrick,Senior Lecturer of Mathematics,0,,,,lecturer/instructor
fitzpat,https://scholars.duke.edu/person/fitzpat,David Fitzpatrick,James B. Duke Distinguished Professor Emeritus of Medicine,0,,,,emeritus
gavan,https://scholars.duke.edu/person/gavan,Gavan J. Fitzsimons,Edward and Rose Donnell Distinguished Professor,0,,,,"primary appointment outside Trinity departments, or non-faculty title"
grainne.fitzsimons,https://scholars.duke.edu/person/grainne.fitzsimons,Gráinne Fitzsimons,"George C. Lamb, Jr. University Distinguished Professor",0,,,,"primary appointment outside Trinity departments, or non-faculty title"
fjeld,https://scholars.duke.edu/person/fjeld,Jon Fjeld,Professor of the Practice Emeritus of Business Administration,0,,,,emeritus
jennifer.flaherty,https://scholars.duke.edu/person/jennifer.flaherty,Jennifer Flaherty,Assistant Professor of Slavic & Eurasian Studies,1,Slavic & Eurasian Studies,Humanities,Assistant,
ojf,https://scholars.duke.edu/person/ojf,Owen Flanagan Jr.,James B. Duke Distinguished Professor Emeritus of Philosophy,0,,,,emeritus
laura.florand,https://scholars.duke.edu/person/laura.florand,Laura Florand,Senior Lecturer of Romance Studies,0,,,,lecturer/instructor
christine.folch,https://scholars.duke.edu/person/christine.folch,Christine Folch,Bacca Foundation Associate Professor of Cultural Anthropology,1,Cultural Anthropology,Social Sciences,Associate,
john.forlines,https://scholars.duke.edu/person/john.forlines,John A Forlines III,Lecturing Fellow of Economics,0,,,,lecturer/instructor
maurizio.forte,https://scholars.duke.edu/person/maurizio.forte,Maurizio Forte,Bass Fellow,1,Classical Studies,Humanities,Full,
rforward,https://scholars.duke.edu/person/rforward,Richard B. Forward,Professor Emeritus of Zoology,0,,,,emeritus
eric.fouhmbindi,https://scholars.duke.edu/person/eric.fouhmbindi,Eric Noel Fouh Mbindi,Assistant Professor of the Practice of Computer Science,0,,,,professor of the practice
ffox,https://scholars.duke.edu/person/ffox,C Faulkner Fox,Lecturing Fellow of English,0,,,,lecturer/instructor
michael.frakes,https://scholars.duke.edu/person/michael.frakes,Michael D Frakes,A. Kenneth Pye Distinguished Professor of Law,0,,,,"primary appointment outside Trinity departments, or non-faculty title"
aaron.franklin,https://scholars.duke.edu/person/aaron.franklin,Aaron D. Franklin,"Edmund T. Pratt, Jr. Distinguished Professor of Electrical and Computer Engineering",0,,,,"primary appointment outside Trinity departments, or non-faculty title"
katherine.franz,https://scholars.duke.edu/person/katherine.franz,Katherine J. Franz,James B. Duke Distinguished Professor of Chemistry,1,Chemistry,Natural Sciences,Full,
jdfrench,https://scholars.duke.edu/person/jdfrench,John D. French,Professor of History,1,History,Social Sciences,Full,
adriane.fresh,https://scholars.duke.edu/person/adriane.fresh,Adriane Stewart Fresh,Assistant Research Professor in the Social Science Research Institute,0,,,,research faculty
a.friedman,https://scholars.duke.edu/person/a.friedman,Allan Friedman,Lecturing Fellow of Music,0,,,,lecturer/instructor
jiawei.fu,https://scholars.duke.edu/person/jiawei.fu,Jiawei Fu,Assistant Professor of Political Science,1,Political Science,Social Sciences,Assistant,
mfulk,https://scholars.duke.edu/person/mfulk,Mary Fulkerson,Professor Emerita of Theology,0,,,,emeritus
cfullenk,https://scholars.duke.edu/person/cfullenk,Connel Fullenkamp,W.R. Huff Professor of the Practice of Economics,0,,,,professor of the practice
colin.fullerton,https://scholars.duke.edu/person/colin.fullerton,Colin Fullerton,Instructor of Music,0,,,,lecturer/instructor
gpf,https://scholars.duke.edu/person/gpf,Gustavo PT Furtado,Associate Professor of Romance Studies,1,Romance Studies,Humanities,Associate,
egabara,https://scholars.duke.edu/person/egabara,Esther Gabara,Professor of Romance Studies,1,Romance Studies,Humanities,Full,
jmgaines,https://scholars.duke.edu/person/jmgaines,Jane M. Gaines,Professor Emeritus of Literature,0,,,,emeritus
sarah.gaither,https://scholars.duke.edu/person/sarah.gaither,Sarah Elizabeth Gaither,Nicholas J. and Theresa M. Leonardy Associate Professor,1,Psychology & Neuroscience,Natural Sciences,Associate,
jason.gaitonde,https://scholars.duke.edu/person/jason.gaitonde,Jason Gaitonde,Assistant Professor of Business Administration,0,,,,"primary appointment outside Trinity departments, or non-faculty title"
sara.galletti,https://scholars.duke.edu/person/sara.galletti,Sara Galletti,"Associate Professor in the Department of Art, Art History & Visual Studies",1,"Art, Art History & Visual Studies",Humanities,Associate,
bagao,https://scholars.duke.edu/person/bagao,Bai Gao,Professor of Sociology,1,Sociology,Social Sciences,Full,
haiyan.gao,https://scholars.duke.edu/person/haiyan.gao,Haiyan Gao,Robert C. Richardson Distinguished Professor of Physics,1,Physics,Natural Sciences,Full,
f.garfias,https://scholars.duke.edu/person/f.garfias,Francisco Garfias,Associate Professor of Political Science,1,Political Science,Social Sciences,Associate,
anne.garreta,https://scholars.duke.edu/person/anne.garreta,Anne Garreta,Research Professor of Literature,0,,,,research faculty
dgaspar,https://scholars.duke.edu/person/dgaspar,Barry Gaspar,Professor of History,1,History,Social Sciences,Full,
agassman.pines,https://scholars.duke.edu/person/agassman.pines,Anna Gassman-Pines,Professor in the Sanford School of Public Policy,0,,,,"primary appointment outside Trinity departments, or non-faculty title"
rongge,https://scholars.duke.edu/person/rongge,Rong Ge,Professor of Computer Science,1,Computer Science,Natural Sciences,Full,
michael.gehm,https://scholars.duke.edu/person/michael.gehm,Michael E. Gehm,Professor of Electrical and Computer Engineering,0,,,,"primary appointment outside Trinity departments, or non-faculty title"
alan,https://scholars.duke.edu/person/alan,Alan E. Gelfand,James B. Duke Distinguished Professor Emeritus of Statistical Science,0,,,,emeritus
rachel.gelfand,https://scholars.duke.edu/person/rachel.gelfand,Rachel Gelfand,"Instructor in the Department of Gender, Sexuality & Feminist Studies",0,,,,lecturer/instructor
kata.gellen,https://scholars.duke.edu/person/kata.gellen,Kata Gellen,Associate Professor of German Studies,1,German Studies,Humanities,Associate,
linda.george,https://scholars.duke.edu/person/linda.george,Linda K. George,Arts and Sciences Distinguished Professor Emeritus,0,,,,emeritus
clara.gerdes,https://scholars.duke.edu/person/clara.gerdes,Clara Gerdes,Instructor of Music,0,,,,lecturer/instructor
ggere,https://scholars.duke.edu/person/ggere,,,0,,,,"not tenure-track, or primary appointment outside Trinity departments (title not shown)"
jaycegetz,https://scholars.duke.edu/person/jaycegetz,Jayce Robert Getz,Professor of Mathematics,1,Mathematics,Natural Sciences,Full,
gheith,https://scholars.duke.edu/person/gheith,Jehanne Gheith,Associate Professor Emeritus of Slavic and Eurasian Studies,0,,,,emeritus
arkadev.ghosh,https://scholars.duke.edu/person/arkadev.ghosh,Arkadev Ghosh,Assistant Professor of Economics,1,Economics,Social Sciences,Assistant,
Jean.Gibert,https://scholars.duke.edu/person/Jean.Gibert,Jean Philippe Gibert,"Joanne W. Markman and A. Morris Williams, Jr. Associate Professor of Biology",1,Biology,Natural Sciences,Associate,
joshigi,https://scholars.duke.edu/person/joshigi,Joshua Gibson,"Associate Professor of the Practice in the Department of Art, Art History & Visual Studies",0,,,,professor of the practice
cgibson,https://scholars.duke.edu/person/cgibson,Christina M. Gibson-Davis,Professor in the Sanford School of Public Policy,0,,,,"primary appointment outside Trinity departments, or non-faculty title"
Roseen.Giles,https://scholars.duke.edu/person/Roseen.Giles,Roseen Giles,Mrs. Alexander Hehmeyer Associate Professor of Music,1,Music,Humanities,Associate,
mgillesp,https://scholars.duke.edu/person/mgillesp,Michael A. Gillespie,Professor of Political Science,1,Political Science,Social Sciences,Full,
bgilliam,https://scholars.duke.edu/person/bgilliam,Bryan Gilliam,Professor Emeritus of Music,0,,,,emeritus
jimmygilmore,https://scholars.duke.edu/person/jimmygilmore,Jimmy Gilmore,Instructor of Music,0,,,,lecturer/instructor
lauren.d.ginsberg,https://scholars.duke.edu/person/lauren.d.ginsberg,Lauren Ginsberg,Kiser Family Associate Professor of Classical Studies,1,Classical Studies,Humanities,Associate,
shai.ginsburg,https://scholars.duke.edu/person/shai.ginsburg,Shai Ginsburg,Associate Professor in the Department of Asian and Middle Eastern Studies,1,Asian & Middle Eastern Studies,Humanities,Associate,
astrid.giugni,https://scholars.duke.edu/person/astrid.giugni,Astrid Adele Giugni,Lecturing Fellow in the Social Science Research Institute,0,,,,lecturer/instructor
glander,https://scholars.duke.edu/person/glander,Kenneth Earl Glander,Professor Emeritus of Evolutionary Anthropology,0,,,,emeritus
Glymph,https://scholars.duke.edu/person/Glymph,Thavolia Glymph,Peabody Family Distinguished Professor of History,1,History,Social Sciences,Full,
Robert.Gobert,https://scholars.duke.edu/person/Robert.Gobert,R. Darren Gobert,Professor of Theater Studies,1,Theater Studies,Humanities,Full,
deborah.gold,https://scholars.duke.edu/person/deborah.gold,Deborah T. Gold,Professor Emeritus in Psychiatry and Behavioral Sciences,0,,,,emeritus
david.goldston,https://scholars.duke.edu/person/david.goldston,David Brian Goldston,Professor in Psychiatry and Behavioral Sciences,0,,,,"primary appointment outside Trinity departments, or non-faculty title"
brian.goldstone,https://scholars.duke.edu/person/brian.goldstone,Brian Goldstone,Visiting Scholar in the Department of Cultural Anthropology,0,,,,visiting
molly.goldwasser,https://scholars.duke.edu/person/molly.goldwasser,Molly Goldwasser,Associate Vice Provost for Academic Affairs,0,,,,"primary appointment outside Trinity departments, or non-faculty title"
Zhenqiang.Gong,https://scholars.duke.edu/person/Zhenqiang.Gong,Neil Gong,Associate Professor of Electrical and Computer Engineering,0,,,,"primary appointment outside Trinity departments, or non-faculty title"
christelle.gonthier,https://scholars.duke.edu/person/christelle.gonthier,Christelle M Gonthier,Lecturing Fellow of Romance Studies,0,,,,lecturer/instructor
alessandra.gonzalez,https://scholars.duke.edu/person/alessandra.gonzalez,Alessandra Lucia Gonzalez,Assistant Research Professor of Economics,0,,,,research faculty
jose.gonzalez,https://scholars.duke.edu/person/jose.gonzalez,José M. González,Associate Professor of Classical Studies,1,Classical Studies,Humanities,Associate,
goodacre,https://scholars.duke.edu/person/goodacre,Mark S. Goodacre,Professor in the Department of Religious Studies,1,Religious Studies,Humanities,Full,
frederick.gooding,https://scholars.duke.edu/person/frederick.gooding,Frederick Gooding,Visiting Associate Professor in the Department of African & African American Studies,0,,,,visiting
ggopen,https://scholars.duke.edu/person/ggopen,George D. Gopen,Professor of the Practice Emeritus of English,0,,,,emeritus
raluca.gordan,https://scholars.duke.edu/person/raluca.gordan,Raluca Mihaela Gordan,Adjunct Associate Professor in the Department of Biostatistics & Bioinformatics,0,,,,adjunct
maria.gorlatova,https://scholars.duke.edu/person/maria.gorlatova,Maria Gorlatova,Sternberg Family Associate Professor of Electrical and Computer Engineering,0,,,,"primary appointment outside Trinity departments, or non-faculty title"
goshaw,https://scholars.duke.edu/person/goshaw,Alfred T. Goshaw,James B. Duke Distinguished Professor Emeritus of Physics,0,,,,emeritus
kgoss,https://scholars.duke.edu/person/kgoss,,,0,,,,"not tenure-track, or primary appointment outside Trinity departments (title not shown)"
vincent.goverse,https://scholars.duke.edu/person/vincent.goverse,Vincent Goverse,William W. Elliott Assistant Research Professor of Mathematics,0,,,,research faculty
grabow,https://scholars.duke.edu/person/grabow,Henry G. Grabowski,Professor Emeritus of Economics,0,,,,emeritus
daniel.graham,https://scholars.duke.edu/person/daniel.graham,Daniel A. Graham,Professor Emeritus of Economics,0,,,,emeritus
calvin.grant,https://scholars.duke.edu/person/calvin.grant,Calvin Grant,Instructor in the Department of Chemistry,0,,,,lecturer/instructor
grant,https://scholars.duke.edu/person/grant,Ruth W. Grant,Professor Emerita of Political Science,0,,,,emeritus
briana.green,https://scholars.duke.edu/person/briana.green,Briana P Green,Instructor in the Program in Education,0,,,,lecturer/instructor
jonathan.green,https://scholars.duke.edu/person/jonathan.green,Jon Green,Assistant Professor of Political Science,1,Political Science,Social Sciences,Assistant,
susie,https://scholars.duke.edu/person/susie,Susan Greenberg,Instructor of Music,0,,,,lecturer/instructor
hsg,https://scholars.duke.edu/person/hsg,Henry Greenside,Professor Emeritus of Physics,0,,,,emeritus
mgreer,https://scholars.duke.edu/person/mgreer,Margaret Rich Greer,Professor Emeritus of Romance Studies,0,,,,emeritus
andrew.griebeler,https://scholars.duke.edu/person/andrew.griebeler,Andrew Griebeler,"Assistant Professor of Art, Art History & Visual Studies",1,"Art, Art History & Visual Studies",Humanities,Assistant,
grieco,https://scholars.duke.edu/person/grieco,Joseph Grieco,Professor Emeritus of Political Science,0,,,,emeritus
aaron.l.griffith,https://scholars.duke.edu/person/aaron.l.griffith,Aaron Lawson Griffith,Assistant Professor of American Church History,0,,,,"primary appointment outside Trinity departments, or non-faculty title"
alissa.griffith,https://scholars.duke.edu/person/alissa.griffith,Alissa Griffith,Instructional Staff of Education,0,,,,lecturer/instructor
cgrimes,https://scholars.duke.edu/person/cgrimes,Christina Grimes,Assistant Professor of the Practice Emerita of Psychology and Neuroscience,0,,,,emeritus
emma.grisham,https://scholars.duke.edu/person/emma.grisham,Emma Grisham,Instructional Staff in the Department of Psychology & Neuroscience,0,,,,lecturer/instructor
JP.Gritton,https://scholars.duke.edu/person/JP.Gritton,JP Gritton,Assistant Professor of the Practice of English,0,,,,professor of the practice
jennifer.m.groh,https://scholars.duke.edu/person/jennifer.m.groh,Jennifer M. Groh,Professor of Psychology and Neuroscience,1,Psychology & Neuroscience,Natural Sciences,Full,
elizabeth.grosz,https://scholars.duke.edu/person/elizabeth.grosz,Elizabeth Grosz,Jean Fox O'Barr Women's Studies Distinguished Professor Emerita,0,,,,emeritus
ron.grunwald,https://scholars.duke.edu/person/ron.grunwald,Ron Grunwald,Senior Lecturer Emeritus of Biology,0,,,,emeritus
jingqiu.guan,https://scholars.duke.edu/person/jingqiu.guan,Jingqiu Guan,Associate Professor of the Practice of Dance,0,,,,professor of the practice
Elaine.Guevara,https://scholars.duke.edu/person/Elaine.Guevara,Elaine Elizabeth Gomez Guevara,Lecturer of Evolutionary Anthropology,0,,,,lecturer/instructor
jiali.guo,https://scholars.duke.edu/person/jiali.guo,Jiali Guo,Instructor in the Department of Asian & Middle Eastern Studies,0,,,,lecturer/instructor
tong.guo,https://scholars.duke.edu/person/tong.guo,Tong Guo,Associate Professor of Business Administration,0,,,,"primary appointment outside Trinity departments, or non-faculty title"
yingni.guo,https://scholars.duke.edu/person/yingni.guo,Yingni Guo,Associate Professor of Economics,1,Economics,Social Sciences,Associate,
katie.gustafson,https://scholars.duke.edu/person/katie.gustafson,Kathryn E. Gustafson,Professor in Psychiatry and Behavioral Sciences,0,,,,"primary appointment outside Trinity departments, or non-faculty title"
maria.d.gutierrez,https://scholars.duke.edu/person/maria.d.gutierrez,Mar Gutierrez,Lecturing Fellow of Romance Studies,0,,,,lecturer/instructor
goknar,https://scholars.duke.edu/person/goknar,Erdag Göknar,Associate Professor in the Department of Asian and Middle Eastern Studies,1,Asian & Middle Eastern Studies,Humanities,Associate,
polly.ha,https://scholars.duke.edu/person/polly.ha,Polly R. Ha,Associate Professor of the History of Christianity,0,,,,"primary appointment outside Trinity departments, or non-faculty title"
kathryn.haas,https://scholars.duke.edu/person/kathryn.haas,Kathryn Haas,Associate Professor of the Practice of Chemistry,0,,,,professor of the practice
steve.haase,https://scholars.duke.edu/person/steve.haase,Steven B. Haase,Professor of Biology,1,Biology,Natural Sciences,Full,
mhacohen,https://scholars.duke.edu/person/mhacohen,Malachi H. Hacohen,Professor of History,1,History,Social Sciences,Full,
markos.hadjioannou,https://scholars.duke.edu/person/markos.hadjioannou,Markos Hadjioannou,Associate Professor of Literature,1,Literature,Humanities,Associate,
susanne.haga,https://scholars.duke.edu/person/susanne.haga,Susanne B Haga,Professor in Medicine,0,,,,"primary appointment outside Trinity departments, or non-faculty title"
alison.hagy,https://scholars.duke.edu/person/alison.hagy,Alison Hagy,Lecturing Fellow in Economics,0,,,,lecturer/instructor
heekyoung.hahn,https://scholars.duke.edu/person/heekyoung.hahn,Heekyoung Hahn,Research Professor of Mathematics,0,,,,research faculty
hain,https://scholars.duke.edu/person/hain,Richard Hain,Professor Emeritus of Mathematics,0,,,,emeritus
alhall,https://scholars.duke.edu/person/alhall,,,0,,,,"not tenure-track, or primary appointment outside Trinity departments (title not shown)"
wghall,https://scholars.duke.edu/person/wghall,Warren Grimes Hall,Anne W. Deane Distinguished Professor Emeritus of Comparative Neurobiology,0,,,,emeritus
wch,https://scholars.duke.edu/person/wch,William Charles Hall,Professor Emeritus of Neurobiology,0,,,,emeritus
jenifer.hamil.luker,https://scholars.duke.edu/person/jenifer.hamil.luker,Jenifer Hamil Luker,Associate Professor of the Practice of Sociology,0,,,,professor of the practice
jean.hamilton,https://scholars.duke.edu/person/jean.hamilton,Jean Hamilton,Professor Emeritus of Psychology and Neuroscience,0,,,,emeritus
mark.hansen,https://scholars.duke.edu/person/mark.hansen,Mark B.N. Hansen,James B. Duke Distinguished Professor of Literature,1,Literature,Humanities,Full,
Sara.Haravifard,https://scholars.duke.edu/person/Sara.Haravifard,Sara Haravifard,William M. Fairbank Associate Professor of Physics,1,Physics,Natural Sciences,Associate,
bridgette.hard,https://scholars.duke.edu/person/bridgette.hard,,,0,,,,"not tenure-track, or primary appointment outside Trinity departments (title not shown)"
hardt,https://scholars.duke.edu/person/hardt,Michael Hardt,Professor of Literature,1,Literature,Humanities,Full,
b.hare,https://scholars.duke.edu/person/b.hare,Brian Hare,Professor of Evolutionary Anthropology,1,Evolutionary Anthropology,Natural Sciences,Full,
john.harer,https://scholars.duke.edu/person/john.harer,John Harer,Professor Emeritus of Mathematics,0,,,,emeritus
ahmad.hariri,https://scholars.duke.edu/person/ahmad.hariri,Ahmad Hariri,Professor of Psychology and Neuroscience,1,Psychology & Neuroscience,Natural Sciences,Full,
Ashley_Harrell,https://scholars.duke.edu/person/Ashley_Harrell,Ashley Lauren Harrell King,Assistant Professor of Sociology,1,Sociology,Social Sciences,Assistant,
alex.harris,https://scholars.duke.edu/person/alex.harris,Alex Harris,Professor of the Practice Emeritus of Public Policy,0,,,,emeritus
angel.harris,https://scholars.duke.edu/person/angel.harris,Angel Luis Harris,Professor in the Department of Sociology,1,Sociology,Social Sciences,Full,
Iyun.Harrison,https://scholars.duke.edu/person/Iyun.Harrison,Iyun Ashani Harrison,Associate Professor of the Practice of Dance,0,,,,professor of the practice
harshbarger,https://scholars.duke.edu/person/harshbarger,Todd B Harshbarger,Assistant Professor in Radiology,0,,,,"primary appointment outside Trinity departments, or non-faculty title"
khart,https://scholars.duke.edu/person/khart,Kevin Hart,Jo Rae Wright University Distinguished Professor,0,,,,"primary appointment outside Trinity departments, or non-faculty title"
amink,https://scholars.duke.edu/person/amink,Alexander J. Hartemink,Professor of Computer Science,1,Computer Science,Natural Sciences,Full,
sharique.hasan,https://scholars.duke.edu/person/sharique.hasan,Sharique Hasan,Professor of Business Administration,0,,,,"primary appointment outside Trinity departments, or non-faculty title"
Mark.Haskins,https://scholars.duke.edu/person/Mark.Haskins,Mark Haskins,Professor of Mathematics,1,Mathematics,Natural Sciences,Full,
mona.hassan,https://scholars.duke.edu/person/mona.hassan,Mona Hassan,Associate Professor of Religious Studies,1,Religious Studies,Humanities,Associate,
kimberly.hassel,https://scholars.duke.edu/person/kimberly.hassel,Kimberly Hassel,Andrew W. Mellon Assistant Professor of Asian and Middle Eastern Studies,1,Asian & Middle Eastern Studies,Humanities,Assistant,
frances.hasso,https://scholars.duke.edu/person/frances.hasso,Frances S. Hasso,"Professor of Gender, Sexuality & Feminist Studies",1,"Gender, Sexuality & Feminist Studies",Social Sciences,Full,
stanley.hauerwas,https://scholars.duke.edu/person/stanley.hauerwas,Stanley M. Hauerwas,Gilbert T. Rowe Distinguished Professor Emeritus of the Divinity School,0,,,,emeritus
elizabeth.hauser,https://scholars.duke.edu/person/elizabeth.hauser,Elizabeth Rebecca Hauser,Professor of Biostatistics & Bioinformatics,0,,,,"primary appointment outside Trinity departments, or non-faculty title"
hannah.haverkamp,https://scholars.duke.edu/person/hannah.haverkamp,Hannah Juliet Haverkamp,Lecturing Fellow of Theater Studies,0,,,,lecturer/instructor
james.haverkamp,https://scholars.duke.edu/person/james.haverkamp,James Haverkamp,Lecturing Fellow of Cinematic Arts,0,,,,lecturer/instructor
didem.havli,https://scholars.duke.edu/person/didem.havli,Didem Z Havlioglu,Associate Professor of the Practice of Asian and Middle Eastern Studies,0,,,,professor of the practice
gary.hawkins,https://scholars.duke.edu/person/gary.hawkins,Gary Hawkins,"Lecturing Fellow of Art, Art History & Visual Studies",0,,,,lecturer/instructor
jen.hawkins,https://scholars.duke.edu/person/jen.hawkins,Jennifer Hawkins,Associate Research Professor of Philosophy,0,,,,research faculty
Stephen.Hayes,https://scholars.duke.edu/person/Stephen.Hayes,Stephen Hayes,"Esbenshade Assistant Professor of the Practice of Art, Art History and Visual Studies",0,,,,professor of the practice
katherine.hayles,https://scholars.duke.edu/person/katherine.hayles,N. Katherine Hayles,James B. Duke Distinguished Professor Emerita of Literature,0,,,,emeritus
klhaynie,https://scholars.duke.edu/person/klhaynie,Kerry L. Haynie,Professor of Political Science,1,Political Science,Social Sciences,Full,
qing.he,https://scholars.duke.edu/person/qing.he,Qing He,Phillip Griffiths Assistant Research Professor of Mathematics,0,,,,research faculty
sheng-yang.he,https://scholars.duke.edu/person/sheng-yang.he,Sheng-Yang He,Benjamin E. Powell Distinguished Professor of Biology,1,Biology,Natural Sciences,Full,
tianshu.he,https://scholars.duke.edu/person/tianshu.he,Tianshu He,Senior Lecturer of Asian and Middle Eastern Studies,0,,,,lecturer/instructor
kieran.healy,https://scholars.duke.edu/person/kieran.healy,Kieran Healy,Professor of Sociology,1,Sociology,Social Sciences,Full,
dheid,https://scholars.duke.edu/person/dheid,David Heid,Lecturing Fellow of Music,0,,,,lecturer/instructor
timothy.heimlich,https://scholars.duke.edu/person/timothy.heimlich,Timothy Heimlich,Assistant Professor of English,1,English,Humanities,Assistant,
archelle,https://scholars.duke.edu/person/archelle,Ellen Hemphill,Professor of the Practice Emerita of Theater Studies,0,,,,emeritus
april.henry,https://scholars.duke.edu/person/april.henry,April Lynn Henry,Lecturer of German Studies,0,,,,lecturer/instructor
Evan.Hepler-Smith,https://scholars.duke.edu/person/Evan.Hepler-Smith,Evan Hepler-Smith,Assistant Professor of History,1,History,Social Sciences,Assistant,
douglas.herbert,https://scholars.duke.edu/person/douglas.herbert,Douglas Herbert,Lecturing Fellow of Cinematic Arts,0,,,,lecturer/instructor
Amy.Herring,https://scholars.duke.edu/person/Amy.Herring,Amy H Herring,Sara and Charles Ayres Distinguished Professor,1,Statistical Science,Natural Sciences,Full,
gjh,https://scholars.duke.edu/person/gjh,Gregory Joseph Herschlag,Associate Research Professor of Mathematics,0,,,,research faculty
daniel.herskowitz,https://scholars.duke.edu/person/daniel.herskowitz,Daniel M Herskowitz,Smart Family Associate Professor in Judaic Studies,1,Religious Studies,Humanities,Associate,
alison.hill,https://scholars.duke.edu/person/alison.hill,Alison Hill,Senior Lecturer of Biology,0,,,,lecturer/instructor
hillygus,https://scholars.duke.edu/person/hillygus,D. Sunshine Hillygus,Professor of Political Science,1,Political Science,Social Sciences,Full,
adhilton,https://scholars.duke.edu/person/adhilton,Andrew Douglas Hilton,Professor of the Practice in the Department of Electrical and Computer Engineering,0,,,,professor of the practice
engseng.ho,https://scholars.duke.edu/person/engseng.ho,Engseng Ho,Professor of Cultural Anthropology,1,Cultural Anthropology,Social Sciences,Full,
zachary.hobin,https://scholars.duke.edu/person/zachary.hobin,Zachary Hobin,Instructor of Music,0,,,,lecturer/instructor
ashley.hobson,https://scholars.duke.edu/person/ashley.hobson,Ashley Elizabeth Hobson,Lecturing Fellow of Romance Studies,0,,,,lecturer/instructor
pdhoff,https://scholars.duke.edu/person/pdhoff,Peter David Hoff,James B. Duke Distinguished Professor of Statistical Science,1,Statistical Science,Natural Sciences,Full,
kelly.hogan,https://scholars.duke.edu/person/kelly.hogan,Kelly Hogan,Professor of the Practice of Biology,0,,,,professor of the practice
wesley.hogan,https://scholars.duke.edu/person/wesley.hogan,,,0,,,,"not tenure-track, or primary appointment outside Trinity departments (title not shown)"
benjamin.hojem,https://scholars.duke.edu/person/benjamin.hojem,Benjamin Hojem,Lecturer of the Writing and Rhetoric Program,0,,,,lecturer/instructor
James.Holaday,https://scholars.duke.edu/person/James.Holaday,James Holaday,Instructor of the Writing and Rhetoric Program,0,,,,lecturer/instructor
karla.holloway,https://scholars.duke.edu/person/karla.holloway,Karla Holloway,James B. Duke Distinguished Professor Emerita of English,0,,,,emeritus
megan.holmes,https://scholars.duke.edu/person/megan.holmes,Megan Anne Holmes,Assistant Professor in Family Medicine and Community Health,0,,,,"primary appointment outside Trinity departments, or non-faculty title"
beth.holmgren,https://scholars.duke.edu/person/beth.holmgren,Beth Holmgren,Professor Emerita of Slavic and Eurasian Studies,0,,,,emeritus
gjhong,https://scholars.duke.edu/person/gjhong,Guo-Juin Hong,Associate Professor of Asian and Middle Eastern Studies,1,Asian & Middle Eastern Studies,Humanities,Associate,
jiyong.hong,https://scholars.duke.edu/person/jiyong.hong,Jiyong Hong,Professor of Chemistry,1,Chemistry,Natural Sciences,Full,
kd.hoover,https://scholars.duke.edu/person/kd.hoover,Kevin Douglas Hoover,Professor of Economics,1,Economics,Social Sciences,Full,
dhorowitz,https://scholars.duke.edu/person/dhorowitz,Donald L. Horowitz,James B. Duke Distinguished Professor Emeritus of Law and Political Science,0,,,,emeritus
roarke.w.horstmeyer,https://scholars.duke.edu/person/roarke.w.horstmeyer,Roarke Horstmeyer,Associate Professor of Biomedical Engineering,0,,,,"primary appointment outside Trinity departments, or non-faculty title"
farid.hj,https://scholars.duke.edu/person/farid.hj,Farid Hosseinijafari,Phillip Griffiths Assistant Research Professor of Mathematics,0,,,,research faculty
hotz,https://scholars.duke.edu/person/hotz,V. Joseph Hotz,Arts and Sciences Distinguished Professor Emeritus of Economics,0,,,,emeritus
maha.houssami,https://scholars.duke.edu/person/maha.houssami,Maha Houssami,Senior Lecturer of Arabic Language in Asian and Middle Eastern Studies,0,,,,lecturer/instructor
mary.hovsepian,https://scholars.duke.edu/person/mary.hovsepian,Mary Hovsepian,Senior Lecturer of Sociology,0,,,,lecturer/instructor
avero.howard,https://scholars.duke.edu/person/avero.howard,Avero L Howard,Visiting Instructor in the Department of Army ROTC,0,,,,lecturer/instructor
howell,https://scholars.duke.edu/person/howell,Calvin R. Howell,Professor of Physics,1,Physics,Natural Sciences,Full,
emma.monroy,https://scholars.duke.edu/person/emma.monroy,Emma Howell,Lecturing Fellow of Romance Studies,0,,,,lecturer/instructor
rhoyle,https://scholars.duke.edu/person/rhoyle,Rick Hoyle,Professor of Psychology and Neuroscience,1,Psychology & Neuroscience,Natural Sciences,Full,
cjhsieh,https://scholars.duke.edu/person/cjhsieh,Chi -Ju Hsieh,Lecturing Fellow in the Department of Asian & Middle Eastern Studies,0,,,,lecturer/instructor
david.a.hsieh,https://scholars.duke.edu/person/david.a.hsieh,David A. Hsieh,Bank of America Distinguished Professor of Business Administration,0,,,,"primary appointment outside Trinity departments, or non-faculty title"
scott.huettel,https://scholars.duke.edu/person/scott.huettel,Scott Huettel,Professor in the Department of Psychology and Neuroscience,1,Psychology & Neuroscience,Natural Sciences,Full,
linsey.lebowitz.hughes,https://scholars.duke.edu/person/linsey.lebowitz.hughes,Linsey Hughes,Lecturing Fellow of Economics,0,,,,lecturer/instructor
meh,https://scholars.duke.edu/person/meh,Margaret Ellen Humphreys,"Josiah Charles Trent Distinguished Professor Emerita in the History of Medicine, in the School of Medicine",0,,,,emeritus
federico.huneeus,https://scholars.duke.edu/person/federico.huneeus,Federico C Huneeus,Assistant Professor of Economics,1,Economics,Social Sciences,Assistant,
jinwei.hung,https://scholars.duke.edu/person/jinwei.hung,Jin-Wei Hung,Instructor in the Department of Asian & Middle Eastern Studies,0,,,,lecturer/instructor
dana.hunt,https://scholars.duke.edu/person/dana.hunt,Dana E. Hunt,Associate Professor of Microbial Ecology,0,,,,"primary appointment outside Trinity departments, or non-faculty title"
reeve.huston,https://scholars.duke.edu/person/reeve.huston,Reeve Huston,Associate Professor Emeritus of History,0,,,,emeritus
kahyde,https://scholars.duke.edu/person/kahyde,Katherine Hyde,Lecturing Fellow in the Program in Education,0,,,,lecturer/instructor
cosmin.ilut,https://scholars.duke.edu/person/cosmin.ilut,Cosmin L. Ilut,Professor of Economics,1,Economics,Social Sciences,Full,
sarah.ishmael,https://scholars.duke.edu/person/sarah.ishmael,Sarah Ishmael,Instructor of the Writing and Rhetoric Program,0,,,,lecturer/instructor
iversen,https://scholars.duke.edu/person/iversen,Edwin Severin Iversen Jr.,Research Professor of Statistical Science,0,,,,research faculty
zakiyyah.jackson,https://scholars.duke.edu/person/zakiyyah.jackson,Zakiyyah Iman Jackson,Associate Professor of Literature,1,Literature,Humanities,Associate,
richard.jaffe,https://scholars.duke.edu/person/richard.jaffe,Richard Jaffe,Professor of Religious Studies,1,Religious Studies,Humanities,Full,
sjaffe,https://scholars.duke.edu/person/sjaffe,Stephen Jaffe,Mary D. B. T. and James H. Semans Distinguished Professor of Music Composition,1,Music,Humanities,Full,
anshul.jain,https://scholars.duke.edu/person/anshul.jain,Anshul Jain,Instructor in the Department of Asian & Middle Eastern Studies,0,,,,lecturer/instructor
tsitsi.jaji,https://scholars.duke.edu/person/tsitsi.jaji,Tsitsi Ella Jaji,Helen L. Bevington Associate Professor of Modern Poetry,1,English,Humanities,Associate,
sjames,https://scholars.duke.edu/person/sjames,Sherman A. James,Susan B. King Distinguished Professor Emeritus of Public Policy,0,,,,emeritus
mjanan,https://scholars.duke.edu/person/mjanan,Micaela W. Janan,Professor of Classical Studies,1,Classical Studies,Humanities,Full,
janiak,https://scholars.duke.edu/person/janiak,,,1,Philosophy,Humanities,Full,
Gregor.Jarosch,https://scholars.duke.edu/person/Gregor.Jarosch,Gregor Jarosch,Professor of Economics,1,Economics,Social Sciences,Full,
Paul.Jaskot,https://scholars.duke.edu/person/Paul.Jaskot,Paul B. Jaskot,"France Family Distinguished Professor of Art, Art History & Visual Studies",1,"Art, Art History & Visual Studies",Humanities,Full,
deborah.jenson,https://scholars.duke.edu/person/deborah.jenson,Deborah Jenson,Professor Emeritus of Romance Studies,0,,,,emeritus
barbara.jentleson,https://scholars.duke.edu/person/barbara.jentleson,Barbara Jentleson,Associate Professor of the Practice Emerita of Education,0,,,,emeritus
bwj7,https://scholars.duke.edu/person/bwj7,Bruce W. Jentleson,William Preston Few Distinguished Professor of Public Policy,0,,,,"primary appointment outside Trinity departments, or non-faculty title"
junekey.jeon,https://scholars.duke.edu/person/junekey.jeon,Junekey Jeon,Phillip Griffiths Assistant Research Professor of Mathematics,0,,,,research faculty
JENNIFER.JHUN,https://scholars.duke.edu/person/JENNIFER.JHUN,,,1,Philosophy,Humanities,Assistant,
wenhao.jiang,https://scholars.duke.edu/person/wenhao.jiang,Wenhao Jiang,Assistant Professor of Sociology,1,Sociology,Social Sciences,Assistant,
yue.jiang,https://scholars.duke.edu/person/yue.jiang,Yue Jiang,Associate Professor of the Practice of Statistical Science,0,,,,professor of the practice
alicia.jimenez,https://scholars.duke.edu/person/alicia.jimenez,,,1,Classical Studies,Humanities,Associate,
ctjohns,https://scholars.duke.edu/person/ctjohns,Christa T. Johns,Lecturer Emerita,0,,,,emeritus
sjohnsen,https://scholars.duke.edu/person/sjohnsen,Sonke Johnsen,Ida Stephens Owens Distinguished Professor,1,Biology,Natural Sciences,Full,
gjohnson,https://scholars.duke.edu/person/gjohnson,G. Allan Johnson,Charles E. Putman University Distinguished Professor of Radiology,0,,,,"primary appointment outside Trinity departments, or non-faculty title"
matthew.johnson,https://scholars.duke.edu/person/matthew.johnson,Matthew Johnson,Bruce L. Payne Associate Professor of Public Policy,0,,,,"primary appointment outside Trinity departments, or non-faculty title"
william.johnson,https://scholars.duke.edu/person/william.johnson,William Johnson,Professor of Classical Studies,1,Classical Studies,Humanities,Full,
zackary.johnson,https://scholars.duke.edu/person/zackary.johnson,,,0,,,,"not tenure-track, or primary appointment outside Trinity departments (title not shown)"
christopher.johnston,https://scholars.duke.edu/person/christopher.johnston,Christopher Johnston,Professor of Political Science,1,Political Science,Social Sciences,Full,
Ieva.Jokubaviciute,https://scholars.duke.edu/person/Ieva.Jokubaviciute,Ieva Jokubaviciute,Professor of the Practice of Music,0,,,,professor of the practice
carolin.jolitz,https://scholars.duke.edu/person/carolin.jolitz,Carolin Jolitz,Lecturing Fellow in the German Studies Department,0,,,,lecturer/instructor
Douglas.Jones,https://scholars.duke.edu/person/Douglas.Jones,Douglas A Jones Jr.,Professor of Theater Studies,1,Theater Studies,Humanities,Full,
annette.josephgabriel,https://scholars.duke.edu/person/annette.josephgabriel,Annette Joseph-Gabriel,John Spencer Bassett Associate Professor of Romance Studies,1,Romance Studies,Humanities,Associate,
kyle.jurado,https://scholars.duke.edu/person/kyle.jurado,Kyle Jurado,Associate Professor of Economics,1,Economics,Social Sciences,Associate,
mohsen.kadivar,https://scholars.duke.edu/person/mohsen.kadivar,Mohsen Kadivar,Research Professor in the Department of Religious Studies,0,,,,research faculty
konstantin.kalinin,https://scholars.duke.edu/person/konstantin.kalinin,Konstantin Kalinin,William W. Elliott Assistant Research Professor of Mathematics,0,,,,research faculty
arun.kannawadi,https://scholars.duke.edu/person/arun.kannawadi,Arun Kannawadi Jayaraman,Assistant Research Professor in the Department of Physics,0,,,,research faculty
harry.karahalios,https://scholars.duke.edu/person/harry.karahalios,Harry Karahalios,Lecturing Fellow of Romance Studies,0,,,,lecturer/instructor
alexander.karsten,https://scholars.duke.edu/person/alexander.karsten,Alexander Karsten,Instructor in the Department of Classical Studies,0,,,,lecturer/instructor
liubov.kartashova,https://scholars.duke.edu/person/liubov.kartashova,Liubov Kartashova,Lecturing Fellow in the Department of Slavic & Eurasian Studies,0,,,,lecturer/instructor
soham.karwa,https://scholars.duke.edu/person/soham.karwa,Soham Karwa,William W. Elliott Assistant Research Professor of Mathematics,0,,,,research faculty
anya.katsevich,https://scholars.duke.edu/person/anya.katsevich,Anya Katsevich,Assistant Professor of Statistical Science,1,Statistical Science,Natural Sciences,Assistant,
shambhavi.kaul,https://scholars.duke.edu/person/shambhavi.kaul,Shambhavi Kaul,"Associate Professor of the Practice of Art, Art History & Visual Studies",0,,,,professor of the practice
aaron.kay,https://scholars.duke.edu/person/aaron.kay,Aaron Charles Kay,J. Rex Fuqua Distinguished Professor of International Management,0,,,,"primary appointment outside Trinity departments, or non-faculty title"
richard.kay,https://scholars.duke.edu/person/richard.kay,Richard Frederick Kay,Professor Emeritus of Evolutionary Anthropology,0,,,,emeritus
keefe003,https://scholars.duke.edu/person/keefe003,Francis Joseph Keefe,Professor Emeritus in Psychiatry and Behavioral Sciences,0,,,,emeritus
richard.keefe,https://scholars.duke.edu/person/richard.keefe,Richard S.E. Keefe,Professor Emeritus in Psychiatry and Behavioral Sciences,0,,,,emeritus
matthias.kehrig,https://scholars.duke.edu/person/matthias.kehrig,Matthias Kehrig,Associate Professor of Economics,1,Economics,Social Sciences,Associate,
pkeineg,https://scholars.duke.edu/person/pkeineg,Paol Keineg,Research Professor Emeritus,0,,,,emeritus
lkeister,https://scholars.duke.edu/person/lkeister,Lisa A. Keister,Professor of Sociology,1,Sociology,Social Sciences,Full,
antk,https://scholars.duke.edu/person/antk,Anthony M. Kelley,Professor of the Practice of Music,0,,,,professor of the practice
jhkelley,https://scholars.duke.edu/person/jhkelley,John H Kelley,Adjunct Associate Professor in the Department of Physics,0,,,,adjunct
judith.kelley,https://scholars.duke.edu/person/judith.kelley,,,0,,,,"not tenure-track, or primary appointment outside Trinity departments (title not shown)"
matthew.kenney,https://scholars.duke.edu/person/matthew.kenney,Matthew Kenney,Executive in Residence in the Engineering Graduate and Professional Programs,0,,,,"primary appointment outside Trinity departments, or non-faculty title"
farrell.kersey,https://scholars.duke.edu/person/farrell.kersey,Farrell Ray Kersey,Lecturing Fellow of Chemistry,0,,,,lecturer/instructor
naiima.khahaifa,https://scholars.duke.edu/person/naiima.khahaifa,Naiima I Khahaifa,Assistant Professor of African & African American Studies,1,African & African American Studies,Social Sciences,Assistant,
keval.khalsa,https://scholars.duke.edu/person/keval.khalsa,Keval Kaur Khalsa,Professor of the Practice Emerita of Dance,0,,,,emeritus
rkhanna,https://scholars.duke.edu/person/rkhanna,Ranjana Khanna,Professor of English,1,English,Humanities,Full,
skhanna,https://scholars.duke.edu/person/skhanna,Satendra Khanna,Associate Professor of the Practice Emeritus in the Department of Asian and Middle Eastern Studies,0,,,,emeritus
nazim.khelifa,https://scholars.duke.edu/person/nazim.khelifa,Nazim Khelifa,William W. Elliott Assistant Research Professor of Mathematics,0,,,,research faculty
dkiehart,https://scholars.duke.edu/person/dkiehart,Daniel P. Kiehart,Professor of Biology,1,Biology,Natural Sciences,Full,
eunyoung.kim,https://scholars.duke.edu/person/eunyoung.kim,Eunyoung Kim,Senior Lecturer of Asian and Middle Eastern Studies,0,,,,lecturer/instructor
grace.kim,https://scholars.duke.edu/person/grace.kim,Grace Kim,Associate Professor of the Practice of Economics,0,,,,professor of the practice
haeyoung,https://scholars.duke.edu/person/haeyoung,Hae-Young Kim,Professor of the Practice of Asian and Middle Eastern Studies,0,,,,professor of the practice
jungsang,https://scholars.duke.edu/person/jungsang,Jungsang Kim,Schiciano Family Distinguished Professor of Electrical and Computer Engineering,0,,,,"primary appointment outside Trinity departments, or non-faculty title"
sungeun.kim,https://scholars.duke.edu/person/sungeun.kim,Sung Eun Kim,Assistant Professor of Asian & Middle Eastern Studies,1,Asian & Middle Eastern Studies,Humanities,Assistant,
kent,https://scholars.duke.edu/person/kent,Kent P. Kimbrough,Professor Emeritus of Economics,0,,,,emeritus
rights,https://scholars.duke.edu/person/rights,Robin Kirk,Professor of the Practice of Cultural Anthropology,0,,,,professor of the practice
alexander.kirshner,https://scholars.duke.edu/person/alexander.kirshner,,,1,Political Science,Social Sciences,Full,
alexander.kiselev,https://scholars.duke.edu/person/alexander.kiselev,Alexander A. Kiselev,William T. Laprade Distinguished Professor of Mathematics,1,Mathematics,Natural Sciences,Full,
kitchen,https://scholars.duke.edu/person/kitchen,Joseph W. Kitchen,Associate Professor Emeritus of Mathematics,0,,,,emeritus
h3738,https://scholars.duke.edu/person/h3738,Herbert P. Kitschelt,George V. Allen Distinguished Professor of International Relations,1,Political Science,Social Sciences,Full,
natalie.klco,https://scholars.duke.edu/person/natalie.klco,Natalie M Klco,Assistant Professor of Physics,1,Physics,Natural Sciences,Assistant,
ek4,https://scholars.duke.edu/person/ek4,Emily M. Klein,University Distinguished Service Professor Emeritus in the Division of Earth and Climate Sciences,0,,,,emeritus
lisa.klekowski,https://scholars.duke.edu/person/lisa.klekowski,Lisa Klekowski,Visiting Professor in the Department of Army ROTC,0,,,,visiting
Michael.Klien,https://scholars.duke.edu/person/Michael.Klien,Michael Klien,Professor of the Practice of Dance,0,,,,professor of the practice
kraig.klingenberg,https://scholars.duke.edu/person/kraig.klingenberg,Kraig Klingenberg,Instructor of Romance Studies,0,,,,lecturer/instructor
Kusum.Knapczyk,https://scholars.duke.edu/person/Kusum.Knapczyk,Kusum Knapczyk,Senior Lecturer of Hindi Language of Asian and Middle Eastern Studies,0,,,,lecturer/instructor
knight,https://scholars.duke.edu/person/knight,Jack Knight,Frederic Cleaveland Distinguished Professor of Law and Political Science,1,Political Science,Social Sciences,Full,
Jennifer.Knust,https://scholars.duke.edu/person/Jennifer.Knust,Jennifer Wright Knust,Professor of Religious Studies,1,Religious Studies,Humanities,Full,
brandon.kohrt,https://scholars.duke.edu/person/brandon.kohrt,Brandon A. Kohrt,Adjunct Professor in the Department of Psychiatry and Behavioral Sciences,0,,,,adjunct
kolli001,https://scholars.duke.edu/person/kolli001,Scott Haden Kollins,Adjunct Professor in the Department of Psychiatry and Behavioral Sciences,0,,,,adjunct
sarah.komisarow,https://scholars.duke.edu/person/sarah.komisarow,Sarah Komisarow,Assistant Professor in the Sanford School of Public Policy,0,,,,"primary appointment outside Trinity departments, or non-faculty title"
ckoonz,https://scholars.duke.edu/person/ckoonz,Claudia Koonz,Peabody Family Distinguished Professor Emeritus of History in Trinity College of Arts and Sciences,0,,,,emeritus
kornb001,https://scholars.duke.edu/person/kornb001,Sally A. Kornbluth,Jo Rae Wright University Distinguished Professor Emerita,0,,,,emeritus
rkorstad,https://scholars.duke.edu/person/rkorstad,Robert Korstad,Professor Emeritus of Public Policy,0,,,,emeritus
wkort,https://scholars.duke.edu/person/wkort,Wesley A. Kort,Professor Emeritus of Religious Studies,0,,,,emeritus
ashutosh.kotwal,https://scholars.duke.edu/person/ashutosh.kotwal,Ashutosh V. Kotwal,Fritz London Distinguished Professor of Physics,1,Physics,Natural Sciences,Full,
kramer,https://scholars.duke.edu/person/kramer,Randall Kramer,Juli Plant Grainger Professor Emeritus of Global Environmental Health,0,,,,emeritus
rachel.kranton,https://scholars.duke.edu/person/rachel.kranton,Rachel Kranton,James B. Duke Distinguished Professor of Economics,1,Economics,Social Sciences,Full,
lawrence.kreicher,https://scholars.duke.edu/person/lawrence.kreicher,Lawrence Kreicher,Associate Professor of the Practice of Economics,0,,,,professor of the practice
mkris,https://scholars.duke.edu/person/mkris,Michael Kris,Instructor of Music,0,,,,lecturer/instructor
ak30,https://scholars.duke.edu/person/ak30,Anirudh Krishna,Edgar T. Thompson Distinguished Professor of Public Policy in the Sanford School of Public Policy,0,,,,"primary appointment outside Trinity departments, or non-faculty title"
maya.kronfeld,https://scholars.duke.edu/person/maya.kronfeld,Maya Kronfeld,Assistant Professor of Literature,1,Literature,Humanities,Assistant,
mkruse,https://scholars.duke.edu/person/mkruse,Mark C. Kruse,Professor in the Department of Physics,1,Physics,Natural Sciences,Full,
anna.krylova,https://scholars.duke.edu/person/anna.krylova,Anna Krylova,Associate Professor of History,1,History,Social Sciences,Associate,
hmku,https://scholars.duke.edu/person/hmku,,,0,,,,"not tenure-track, or primary appointment outside Trinity departments (title not shown)"
ckuhn,https://scholars.duke.edu/person/ckuhn,Cynthia Moreton Kuhn,Professor of Pharmacology and Cancer Biology,0,,,,"primary appointment outside Trinity departments, or non-faculty title"
divine.kumah,https://scholars.duke.edu/person/divine.kumah,Divine P Kumah,Charles H. Townes Associate Professor of Physics,1,Physics,Natural Sciences,Associate,
bruce.kuniholm,https://scholars.duke.edu/person/bruce.kuniholm,Bruce R. Kuniholm,University Distinguished Service Professor Emeritus of Public Policy,0,,,,emeritus
jessica.kunttu,https://scholars.duke.edu/person/jessica.kunttu,Jessica Kunttu,Instructor of Music,0,,,,lecturer/instructor
t.kuran,https://scholars.duke.edu/person/t.kuran,Timur Kuran,Gorter Family Distinguished Professor of Islamic Studies,1,Economics,Social Sciences,Full,
kurokawa,https://scholars.duke.edu/person/kurokawa,Naoko Kurokawa,Senior Lecturer of Asian and Middle Eastern Studies,0,,,,lecturer/instructor
TAMAR.KUSHNIR,https://scholars.duke.edu/person/TAMAR.KUSHNIR,Tamar Kushnir,Professor of Psychology and Neuroscience,1,Psychology & Neuroscience,Natural Sciences,Full,
na.kwon,https://scholars.duke.edu/person/na.kwon,Nayoung Aimee Kwon,Associate Professor in the Department of Asian and Middle Eastern Studies,1,Asian & Middle Eastern Studies,Humanities,Associate,
klabar,https://scholars.duke.edu/person/klabar,Kevin S. LaBar,Robert L. Wilson Distinguished Professor of Psychology and Neuroscience,1,Psychology & Neuroscience,Natural Sciences,Full,
eblaber,https://scholars.duke.edu/person/eblaber,Eric Laber,James B. Duke Distinguished Professor of Statistical Science,1,Statistical Science,Natural Sciences,Full,
hladd,https://scholars.duke.edu/person/hladd,Helen F. Ladd,Susan B. King Distinguished Professor Emerita of Public Policy,0,,,,emeritus
kyle.lafata,https://scholars.duke.edu/person/kyle.lafata,Kyle Jon Lafata,Thaddeus V. Samulski Associate Professor of Radiation Oncology,0,,,,"primary appointment outside Trinity departments, or non-faculty title"
sergio.lagunes,https://scholars.duke.edu/person/sergio.lagunes,Sergio Thomas Lagunes,Instructor of Economics,0,,,,lecturer/instructor
kkl9,https://scholars.duke.edu/person/kkl9,Kimberly Kay Lamm,"Gilhuly Family Associate Professor in the Program of Gender, Sexuality & Feminist Studies",1,"Gender, Sexuality & Feminist Studies",Social Sciences,Associate,
melanie.lamotte,https://scholars.duke.edu/person/melanie.lamotte,Mélanie Aimée Marie Lamotte,Assistant Professor of History,1,History,Social Sciences,Assistant,
kland,https://scholars.duke.edu/person/kland,Kenneth C. Land,John Franklin Crowell Distinguished Professor Emeritus of Sociology,0,,,,emeritus
andrea.lane,https://scholars.duke.edu/person/andrea.lane,Andrea Nicole Lane,Assistant Professor of the Practice in the Social Science Research Institute,0,,,,professor of the practice
nikki.lane,https://scholars.duke.edu/person/nikki.lane,Nikki Lane,"Assistant Professor of Gender, Sexuality & Feminist Studies",1,"Gender, Sexuality & Feminist Studies",Social Sciences,Assistant,
peter.lange,https://scholars.duke.edu/person/peter.lange,Peter Lange,Thomas A. Langford University Distinguished Professor Emeritus,0,,,,emeritus
michelle.lanier,https://scholars.duke.edu/person/michelle.lanier,Michelle Lanier,Lecturing Fellow in the Department of African & African American Studies,0,,,,lecturer/instructor
andrea.lanteri,https://scholars.duke.edu/person/andrea.lanteri,Andrea Lanteri,Associate Professor of Economics,1,Economics,Social Sciences,Associate,
rick.larrick,https://scholars.duke.edu/person/rick.larrick,Richard P. Larrick,Hanes Corporation Foundation Distinguished Professor of Business Administration,0,,,,"primary appointment outside Trinity departments, or non-faculty title"
andrea.larson,https://scholars.duke.edu/person/andrea.larson,Andrea Jarosch Larson,Instructor in the German Studies Department,0,,,,lecturer/instructor
pedro.lasch,https://scholars.duke.edu/person/pedro.lasch,Pedro Lasch,"Research Professor of Art, Art History and Visual Studies",0,,,,research faculty
Warren.Malueg-Lattimore,https://scholars.duke.edu/person/Warren.Malueg-Lattimore,Warren Lattimore,Assistant Professor in Orthopaedic Surgery,0,,,,"primary appointment outside Trinity departments, or non-faculty title"
bbl,https://scholars.duke.edu/person/bbl,Bruce B. Lawrence,Nancy and Jeffrey Marcus Humanities Distinguished Professor Emeritus of Religion,0,,,,emeritus
leachman,https://scholars.duke.edu/person/leachman,Lori Leachman,Professor of the Practice Emerita of Economics,0,,,,emeritus
leary,https://scholars.duke.edu/person/leary,Mark R. Leary,Garonzik Family Distinguished Professor Emeritus,0,,,,emeritus
alvy,https://scholars.duke.edu/person/alvy,Alvin R. Lebeck,Professor Emeritus of Computer Science,0,,,,emeritus
charlotte.t.lee,https://scholars.duke.edu/person/charlotte.t.lee,Charlotte Lee,Scholar in Residence of Biology,0,,,,"primary appointment outside Trinity departments, or non-faculty title"
Esther.Lee,https://scholars.duke.edu/person/Esther.Lee,Esther Kim Lee,Frances Hill Fox Professor of Theater Studies,1,Theater Studies,Humanities,Full,
lee.hedwig,https://scholars.duke.edu/person/lee.hedwig,Hedwig Eugenie Lee,James B. Duke Distinguished Professor of Sociology,1,Sociology,Social Sciences,Full,
james.s.lee,https://scholars.duke.edu/person/james.s.lee,James Sumner Lee,"Instructor, Medical Center in the Department of Cell Biology",0,,,,lecturer/instructor
kslee,https://scholars.duke.edu/person/kslee,Kun Shan Carolyn Lee,Professor of the Practice Emeritus of Asian and Middle Eastern Studies,0,,,,emeritus
lefko001,https://scholars.duke.edu/person/lefko001,,,0,,,,"not tenure-track, or primary appointment outside Trinity departments (title not shown)"
patricia.leighten,https://scholars.duke.edu/person/patricia.leighten,Patricia Leighten,"Professor Emerita of Art, Art History & Visual Studies",0,,,,emeritus
frll,https://scholars.duke.edu/person/frll,Frank Lentricchia,Katharine Everett Gilbert Distinguished Professor Emeritus of Literature,0,,,,emeritus
Matthew.Lentz,https://scholars.duke.edu/person/Matthew.Lentz,Matthew Lentz,Assistant Professor of Computer Science,1,Computer Science,Natural Sciences,Assistant,
adriane.lentz-smith,https://scholars.duke.edu/person/adriane.lentz-smith,Adriane D. Lentz-Smith,Associate Professor of History,1,History,Social Sciences,Associate,
david.leonhardt,https://scholars.duke.edu/person/david.leonhardt,David Leonhardt,"Instructor, Special Programs",0,,,,lecturer/instructor
justin.leroy,https://scholars.duke.edu/person/justin.leroy,Justin Leroy,Assistant Professor of History,1,History,Social Sciences,Assistant,
bahar.leventoglu,https://scholars.duke.edu/person/bahar.leventoglu,Bahar Leventoglu,Associate Professor of Political Science,1,Political Science,Social Sciences,Associate,
edlevin,https://scholars.duke.edu/person/edlevin,Edward Daniel Levin,Professor in Psychiatry and Behavioral Sciences,0,,,,"primary appointment outside Trinity departments, or non-faculty title"
adam.levine,https://scholars.duke.edu/person/adam.levine,Adam S. Levine,Associate Professor of Mathematics,1,Mathematics,Natural Sciences,Associate,
jacob.levine,https://scholars.duke.edu/person/jacob.levine,Jacob Levine,Assistant Professor of Biology,1,Biology,Natural Sciences,Assistant,
aino.levonmaa,https://scholars.duke.edu/person/aino.levonmaa,Aino Levonmaa,Associate Professor of the Practice of Economics,0,,,,professor of the practice
ayl3,https://scholars.duke.edu/person/ayl3,Arie Y. Lewin,Professor Emeritus,0,,,,emeritus
Courtney.Lewis,https://scholars.duke.edu/person/Courtney.Lewis,Courtney Lewis,Crandall Family Associate Professor of Cultural Anthropology,1,Cultural Anthropology,Social Sciences,Associate,
christina.leon,https://scholars.duke.edu/person/christina.leon,Christina A León,Associate Professor of Literature,1,Literature,Humanities,Associate,
fli,https://scholars.duke.edu/person/fli,Fan Li,Professor of Statistical Science,1,Statistical Science,Natural Sciences,Full,
fay.wei.li,https://scholars.duke.edu/person/fay.wei.li,Fay-Wei Li,David M. Goodner Associate Professor of Biology,1,Biology,Natural Sciences,Associate,
hai.li,https://scholars.duke.edu/person/hai.li,"Hai ""Helen"" Li",Marie Foote Reel E'46 Distinguished Professor of Electrical and Computer Engineering,0,,,,"primary appointment outside Trinity departments, or non-faculty title"
stephanie.li,https://scholars.duke.edu/person/stephanie.li,Stephanie Li,Professor of African & African American Studies,1,African & African American Studies,Social Sciences,Full,
yan.li,https://scholars.duke.edu/person/yan.li,Yan Li,Assistant Professor of the Practice of the Writing and Rhetoric Program,0,,,,professor of the practice
lin.l,https://scholars.duke.edu/person/lin.l,Lin Lin,Associate Professor of Biostatistics & Bioinformatics,0,,,,"primary appointment outside Trinity departments, or non-faculty title"
nanlin,https://scholars.duke.edu/person/nanlin,Nan Lin,Oscar L. Tang Family Distinguished Professor Emeritus of Sociology,0,,,,emeritus
Lara.Linden-High,https://scholars.duke.edu/person/Lara.Linden-High,Lara Marcia Linden-High,Instructor B in the Department of Biology,0,,,,lecturer/instructor
scott.lindroth,https://scholars.duke.edu/person/scott.lindroth,Scott A. Lindroth,Professor of Music,1,Music,Humanities,Full,
norbert.linke,https://scholars.duke.edu/person/norbert.linke,Norbert Matthias Linke,Adjunct Professor of Physics,0,,,,adjunct
elizabeth.linnartz,https://scholars.duke.edu/person/elizabeth.linnartz,Elizabeth Byrum Linnartz,Lecturing Fellow of Music,0,,,,lecturer/instructor
linville,https://scholars.duke.edu/person/linville,Patricia W. Linville,Associate Professor of Business Administration,0,,,,"primary appointment outside Trinity departments, or non-faculty title"
jenny.lion,https://scholars.duke.edu/person/jenny.lion,Jenny Lion,"Assistant Professor of the Practice of Art, Art History & Visual Studies",0,,,,professor of the practice
sara.lipshutz,https://scholars.duke.edu/person/sara.lipshutz,Sara E Lipshutz,Assistant Professor of Biology,1,Biology,Natural Sciences,Assistant,
lisan001,https://scholars.duke.edu/person/lisan001,Sarah Hollingsworth Lisanby,Professor Emeritus of Psychiatry and Behavioral Sciences,0,,,,emeritus
Natalia.Litchinitser,https://scholars.duke.edu/person/Natalia.Litchinitser,Natalia Litchinitser,Michael J. Fitzpatrick Distinguished Professor of Electrical and Computer Engineering,0,,,,"primary appointment outside Trinity departments, or non-faculty title"
rlitz,https://scholars.duke.edu/person/rlitz,Ralph A. Litzinger,Associate Professor of Cultural Anthropology,1,Cultural Anthropology,Social Sciences,Associate,
jian-guo.liu,https://scholars.duke.edu/person/jian-guo.liu,Jian-Guo Liu,Professor of Physics,1,Physics,Natural Sciences,Full,
j.liu,https://scholars.duke.edu/person/j.liu,Jie Liu,George Barth Geller Distinguished Professor of Chemistry,1,Chemistry,Natural Sciences,Full,
liukang,https://scholars.duke.edu/person/liukang,Kang Liu,Professor of Asian and African Languages and Literature,1,Asian & Middle Eastern Studies,Humanities,Full,
peifen.liu,https://scholars.duke.edu/person/peifen.liu,Pei Fen Liu,Instructor of Music,0,,,,lecturer/instructor
shelley.liu,https://scholars.duke.edu/person/shelley.liu,Shelley Liu,Assistant Professor in the Sanford School of Public Policy,0,,,,"primary appointment outside Trinity departments, or non-faculty title"
sifan.liu,https://scholars.duke.edu/person/sifan.liu,Sifan Liu,Assistant Professor of Statistical Science,1,Statistical Science,Natural Sciences,Assistant,
siqi.liu,https://scholars.duke.edu/person/siqi.liu,Siqi Liu,Assistant Professor of Computer Science,1,Computer Science,Natural Sciences,Assistant,
wenjin.liu,https://scholars.duke.edu/person/wenjin.liu,Wenjin Liu,Assistant Professor of Philosophy,1,Philosophy,Humanities,Assistant,
yan.l,https://scholars.duke.edu/person/yan.l,Yan Liu,Associate Professor of the Practice of Asian and Middle Eastern Studies,0,,,,professor of the practice
mbaye.lo,https://scholars.duke.edu/person/mbaye.lo,Mbaye Lo,Professor of the Practice of Asian and Middle Eastern Studies,0,,,,professor of the practice
felipe.lobel,https://scholars.duke.edu/person/felipe.lobel,Felipe Lobel,Assistant Professor of Economics,1,Economics,Social Sciences,Assistant,
greg,https://scholars.duke.edu/person/greg,Gregory R. Lockhead,Professor Emeritus of Psychological and Brain Sciences,0,,,,emeritus
logue004,https://scholars.duke.edu/person/logue004,Patrick E. Logue,Professor Emeritus in Psychiatry and Behavioral Sciences,0,,,,emeritus
huanqian.loh,https://scholars.duke.edu/person/huanqian.loh,Huanqian Loh,Assistant Professor of Electrical and Computer Engineering,0,,,,"primary appointment outside Trinity departments, or non-faculty title"
meshay.long,https://scholars.duke.edu/person/meshay.long,Meshay Long,Instructor in the Department of Cultural Anthropology,0,,,,lecturer/instructor
elizabeth.lonsdorf,https://scholars.duke.edu/person/elizabeth.lonsdorf,Elizabeth Lonsdorf,Professor of Evolutionary Anthropology,1,Evolutionary Anthropology,Natural Sciences,Full,
giuseppe.lopomo,https://scholars.duke.edu/person/giuseppe.lopomo,Giuseppe Lopomo,Alan D. Schwartz Distinguished Professor of Business Administration,0,,,,"primary appointment outside Trinity departments, or non-faculty title"
aunchalee.loscalzopalmquist,https://scholars.duke.edu/person/aunchalee.loscalzopalmquist,Aunchalee E Loscalzo Palmquist,Associate Professor of the Practice of Global Health,0,,,,professor of the practice
rmlove,https://scholars.duke.edu/person/rmlove,Randall M. Love,Associate Professor of the Practice Emeritus of Music,0,,,,emeritus
H..Lovelace,https://scholars.duke.edu/person/H..Lovelace,H. Timothy Lovelace Jr.,Professor of Law,0,,,,"primary appointment outside Trinity departments, or non-faculty title"
yana.lowry,https://scholars.duke.edu/person/yana.lowry,Yana Alexandrovna Lowry,Adjunct Instructor in the FOCUS Program,0,,,,lecturer/instructor
s.lozier,https://scholars.duke.edu/person/s.lozier,M. Susan Lozier,Ronie-Richele Garcia-Johnson Emerita Professor of Earth and Ocean Sciences,0,,,,emeritus
jianfeng,https://scholars.duke.edu/person/jianfeng,Jianfeng Lu,James B. Duke Distinguished Professor of Mathematics,1,Mathematics,Natural Sciences,Full,
wah,https://scholars.duke.edu/person/wah,Wahneema H. Lubiano,Associate Professor Emeritus of African and African American Studies,0,,,,emeritus
angelina.lucento,https://scholars.duke.edu/person/angelina.lucento,Angelina Lucento,"Assistant Professor of Art, Art History & Visual Studies",1,"Art, Art History & Visual Studies",Humanities,Assistant,
lucic,https://scholars.duke.edu/person/lucic,Richard A. Lucic,Associate Professor of the Practice Emeritus of Computer Science,0,,,,emeritus
francois.lutzoni,https://scholars.duke.edu/person/francois.lutzoni,Francois M. Lutzoni,Professor of Biology,1,Biology,Natural Sciences,Full,
michael.lynch,https://scholars.duke.edu/person/michael.lynch,Michael D Lynch,"W. H. Gardner, Jr. Associate Professor of Biomedical Engineering",0,,,,"primary appointment outside Trinity departments, or non-faculty title"
scott.lynch,https://scholars.duke.edu/person/scott.lynch,Scott Michael Lynch,Professor in the Department of Sociology,1,Sociology,Social Sciences,Full,
nancy.maclean,https://scholars.duke.edu/person/nancy.maclean,Nancy MacLean,William H. Chafe Distinguished Professor Emerita of History and Public Policy,0,,,,emeritus
ashwin,https://scholars.duke.edu/person/ashwin,Ashwinkumar Venkatanaga Machanavajjhala,Adjunct Associate Professor of Computer Science,0,,,,adjunct
nathaniel.mackey,https://scholars.duke.edu/person/nathaniel.mackey,Nathaniel Mackey,Reynolds Price Distinguished Professor of Creative Writing,1,English,Humanities,Full,
david.madden,https://scholars.duke.edu/person/david.madden,David Joseph Madden,Professor Emeritus in Psychiatry and Behavioral Sciences,0,,,,emeritus
bmm,https://scholars.duke.edu/person/bmm,,,0,,,,"not tenure-track, or primary appointment outside Trinity departments (title not shown)"
abdeslam.maghraoui,https://scholars.duke.edu/person/abdeslam.maghraoui,Abdeslam E. M. Maghraoui,Associate Professor of the Practice Emeritus of Political Science,0,,,,emeritus
paul.magwene,https://scholars.duke.edu/person/paul.magwene,Paul Mitaari Magwene,Professor of Biology,1,Biology,Natural Sciences,Full,
neena.mahadev,https://scholars.duke.edu/person/neena.mahadev,Neena Mahadev,Assistant Professor of Religious Studies,1,Religious Studies,Humanities,Assistant,
william.majoros,https://scholars.duke.edu/person/william.majoros,William Majoros,Assistant Professor of Biostatistics & Bioinformatics,0,,,,"primary appointment outside Trinity departments, or non-faculty title"
SimonTszFung.Mak,https://scholars.duke.edu/person/SimonTszFung.Mak,Simon Mak,Associate Professor of Statistical Science,1,Statistical Science,Natural Sciences,Associate,
ali.makhdoumi,https://scholars.duke.edu/person/ali.makhdoumi,Ali Makhdoumi,Associate Professor of Business Administration,0,,,,"primary appointment outside Trinity departments, or non-faculty title"
amakhulu,https://scholars.duke.edu/person/amakhulu,Anne-Maria B. Makhulu,Associate Professor in the Department of Cultural Anthropology,1,Cultural Anthropology,Social Sciences,Associate,
steven.malcolmson,https://scholars.duke.edu/person/steven.malcolmson,Steven Malcolmson,Associate Professor of Chemistry,1,Chemistry,Natural Sciences,Associate,
jehangir.malegam,https://scholars.duke.edu/person/jehangir.malegam,Jehangir Malegam,Associate Professor of History,1,History,Social Sciences,Associate,
eddy.malesky,https://scholars.duke.edu/person/eddy.malesky,Edmund Malesky,Oscar L. Tang Family Distinguished Professor of Political Science,1,Political Science,Social Sciences,Full,
malin,https://scholars.duke.edu/person/malin,Peter E. Malin,Emeritus Professor of Earth and Climate Science,0,,,,emeritus
dmalone,https://scholars.duke.edu/person/dmalone,David M. Malone,Professor of the Practice Emeritus of Education,0,,,,emeritus
mmalouf,https://scholars.duke.edu/person/mmalouf,Melissa Malouf,Professor of the Practice Emerita of English,0,,,,emeritus
melanie.manion,https://scholars.duke.edu/person/melanie.manion,Melanie Manion,Vor Broker Family Distinguished Professor,1,Political Science,Social Sciences,Full,
pmanos,https://scholars.duke.edu/person/pmanos,Paul S. Manos,Professor in the Department of Biology,1,Biology,Natural Sciences,Full,
kgm,https://scholars.duke.edu/person/kgm,Kenneth G. Manton,Research Professor Emeritus of Demographic Studies,0,,,,emeritus
Mesha.Maren,https://scholars.duke.edu/person/Mesha.Maren,Mesha M Maren,Associate Professor of the Practice of English,0,,,,professor of the practice
pnm,https://scholars.duke.edu/person/pnm,Peter N. Marinos,Professor Emeritus of Electrical and Computer Engineering,0,,,,emeritus
markoff,https://scholars.duke.edu/person/markoff,Diane M Markoff,Adjunct Professor in the Department of Physics,0,,,,adjunct
Cecilia.Marquez,https://scholars.duke.edu/person/Cecilia.Marquez,Cecilia Marquez,Hunt Family Assistant Professor of History,1,History,Social Sciences,Assistant,
andrea.marritt,https://scholars.duke.edu/person/andrea.marritt,Andrea Marie Marritt-Pabalate,Associate Dean of Academic Affairs and Adjunct Instructor of Biology,0,,,,lecturer/instructor
emarsh,https://scholars.duke.edu/person/emarsh,Elizabeth J. Marsh,Professor of Psychology and Neuroscience,1,Psychology & Neuroscience,Natural Sciences,Full,
gail.marsh,https://scholars.duke.edu/person/gail.marsh,Gail R. Marsh,Associate Professor Emeritus in Psychiatry and Behavioral Sciences,0,,,,emeritus
john.j.martin,https://scholars.duke.edu/person/john.j.martin,John Jeffries Martin,Professor of History,1,History,Social Sciences,Full,
anna.martinez,https://scholars.duke.edu/person/anna.martinez,Anna Victoria Martinez-Saltzberg,Instructor in the Department of Chemistry,0,,,,lecturer/instructor
Iman.Marvian,https://scholars.duke.edu/person/Iman.Marvian,Iman Marvian,Associate Professor in the Department of Electrical and Computer Engineering,0,,,,"primary appointment outside Trinity departments, or non-faculty title"
marx,https://scholars.duke.edu/person/marx,Leslie M. Marx,Robert A. Bandeen Distinguished Professor Emeritus of Business Administration,0,,,,emeritus
matt.masten,https://scholars.duke.edu/person/matt.masten,Matthew A Masten,Associate Professor of Economics,1,Economics,Social Sciences,Associate,
timsal.masud,https://scholars.duke.edu/person/timsal.masud,Timsal Masud,Instructor in the Department of Asian & Middle Eastern Studies,0,,,,lecturer/instructor
catherine.mathers,https://scholars.duke.edu/person/catherine.mathers,Catherine Mathers,Associate Professor of the Practice of Program in International Comparative Studies,0,,,,professor of the practice
jm217,https://scholars.duke.edu/person/jm217,J. Lorand Matory,Lawrence Richardson Distinguished Professor of Cultural Anthropology,1,Cultural Anthropology,Social Sciences,Full,
jonathan.mattingly,https://scholars.duke.edu/person/jonathan.mattingly,,,1,Mathematics,Natural Sciences,Full,
arnaud.maurel,https://scholars.duke.edu/person/arnaud.maurel,Arnaud Maurel,Professor of Economics,1,Economics,Social Sciences,Full,
christian.mauro,https://scholars.duke.edu/person/christian.mauro,Christian F. Mauro,Associate Professor in Psychiatry and Behavioral Sciences,0,,,,"primary appointment outside Trinity departments, or non-faculty title"
shmaus,https://scholars.duke.edu/person/shmaus,Seymour Mauskopf,Professor Emeritus of History,0,,,,emeritus
bradley.maxon,https://scholars.duke.edu/person/bradley.maxon,Bradley G Maxon,Visiting Professor in the Department of Aerospace Studies,0,,,,visiting
leslie.maxwell,https://scholars.duke.edu/person/leslie.maxwell,Leslie C Maxwell,Lecturing Fellow of the Writing and Rhetoric Program,0,,,,lecturer/instructor
anyimilehidi.mazo.vargas,https://scholars.duke.edu/person/anyimilehidi.mazo.vargas,Anyi Mazo-Vargas,Assistant Professor of Biology,1,Biology,Natural Sciences,Assistant,
mazuka,https://scholars.duke.edu/person/mazuka,Reiko Mazuka,Research Professor in the Department of Psychology and Neuroscience,0,,,,research faculty
skmmaz,https://scholars.duke.edu/person/skmmaz,Sucheta Mazumdar,Associate Professor Emeritus of History,0,,,,emeritus
maciej.mazurowski,https://scholars.duke.edu/person/maciej.mazurowski,Maciej A Mazurowski,Associate Professor of Biostatistics & Bioinformatics,0,,,,"primary appointment outside Trinity departments, or non-faculty title"
david.mcadams,https://scholars.duke.edu/person/david.mcadams,David McAdams,Robert A. Bandeen Distinguished Professor of Business Administration,0,,,,"primary appointment outside Trinity departments, or non-faculty title"
mca,https://scholars.duke.edu/person/mca,Jody McAuliffe,Professor of the Practice of Theater Studies,0,,,,professor of the practice
dewey.mccafferty,https://scholars.duke.edu/person/dewey.mccafferty,Dewey G. McCafferty,Professor of Chemistry,1,Chemistry,Natural Sciences,Full,
pmcclain,https://scholars.duke.edu/person/pmcclain,Paula D. McClain,James B. Duke Distinguished Professor of Political Science,1,Political Science,Social Sciences,Full,
dmcclay,https://scholars.duke.edu/person/dmcclay,David R. McClay Jr.,Arthur S. Pearse Professor Emeritus of Biology,0,,,,emeritus
mcelroy,https://scholars.duke.edu/person/mcelroy,Marjorie B. McElroy,Craufurd Goodwin Professor of Economics,1,Economics,Social Sciences,Full,
JENNA.MCHENRY,https://scholars.duke.edu/person/JENNA.MCHENRY,Jenna Ann McHenry,Assistant Professor of Psychology and Neuroscience,1,Psychology & Neuroscience,Natural Sciences,Assistant,
julia.mchugh,https://scholars.duke.edu/person/julia.mchugh,Julia McHugh,"Adjunct Assistant Professor of Art, Art History & Visual Studies",0,,,,adjunct
Jarvis.McInnis,https://scholars.duke.edu/person/Jarvis.McInnis,Jarvis C McInnis,Associate Professor of English,1,English,Humanities,Associate,
beverly.mciver,https://scholars.duke.edu/person/beverly.mciver,Beverly J McIver,"Professor of the Practice Emeritus of Art, Art History & Visual Studies",0,,,,emeritus
mamckean,https://scholars.duke.edu/person/mamckean,Margaret A. McKean,Professor Emerita of Political Science,0,,,,emeritus
garrett.mckinnon,https://scholars.duke.edu/person/garrett.mckinnon,Garrett McKinnon,Instructor,0,,,,lecturer/instructor
ellenmc,https://scholars.duke.edu/person/ellenmc,Ellen McLarney,Professor of Asian and Middle Eastern Studies,1,Asian & Middle Eastern Studies,Humanities,Full,
calvin.mcphailsnyder,https://scholars.duke.edu/person/calvin.mcphailsnyder,Calvin McPhail-Snyder,Phillip Griffiths Assistant Research Professor of Mathematics,0,,,,research faculty
joseph.mcpherson,https://scholars.duke.edu/person/joseph.mcpherson,J. Miller McPherson,Professor Emeritus in the Department of Sociology,0,,,,emeritus
dmcshea,https://scholars.duke.edu/person/dmcshea,Daniel W. McShea,Professor of Biology,1,Biology,Natural Sciences,Full,
n.mcwilliam,https://scholars.duke.edu/person/n.mcwilliam,Neil McWilliam,Walter H. Annenberg Distinguished Professor Emeritus of Art and Art History,0,,,,emeritus
ellen.meade,https://scholars.duke.edu/person/ellen.meade,Ellen E Meade,Research Professor of Economics,0,,,,research faculty
steven.medema,https://scholars.duke.edu/person/steven.medema,Steven G. Medema,George Family Research Professor,0,,,,research faculty
miguel.medina,https://scholars.duke.edu/person/miguel.medina,Miguel A. Medina,Professor Emeritus of Civil and Environmental Engineering,0,,,,emeritus
meintjes,https://scholars.duke.edu/person/meintjes,Louise Meintjes,Marcello Lotti Professor,1,Music,Humanities,Full,
xavier.mela,https://scholars.duke.edu/person/xavier.mela,Xavier Mela,Lecturing Fellow in the Department of Mathematics,0,,,,lecturer/instructor
omar.melikechi,https://scholars.duke.edu/person/omar.melikechi,Omar Melikechi,Assistant Professor of Statistical Science,1,Statistical Science,Natural Sciences,Assistant,
jmercer,https://scholars.duke.edu/person/jmercer,John M. Mercer,Professor of the Practice of Biology,0,,,,professor of the practice
gilbert.merkx,https://scholars.duke.edu/person/gilbert.merkx,Gilbert Wilson Merkx,Professor of the Practice Emeritus of Sociology,0,,,,emeritus
giovanna.merli,https://scholars.duke.edu/person/giovanna.merli,M. Giovanna Merli,Professor in the Sanford School of Public Policy,0,,,,"primary appointment outside Trinity departments, or non-faculty title"
merschel,https://scholars.duke.edu/person/merschel,Lisa M. Merschel,Associate Professor of the Practice of Romance Studies,0,,,,professor of the practice
carol,https://scholars.duke.edu/person/carol,Carol L. Meyers,Mary Grace Wilson Distinguished Professor Emeritus of Religion in Trinity College of Arts and Sciences,0,,,,emeritus
emc,https://scholars.duke.edu/person/emc,Eric M. Meyers,Bernice and Morton Lerner Distinguished Professor Emeritus in Judaic Studies,0,,,,emeritus
jolantam,https://scholars.duke.edu/person/jolantam,Jolanta Maria Miadlikowska,Instructor B in the Department of Biology,0,,,,lecturer/instructor
ellen.mickiewicz,https://scholars.duke.edu/person/ellen.mickiewicz,Ellen Mickiewicz,James R. Shepley Distinguished Professor Emeritus of Public Policy,0,,,,emeritus
sam.miglarese,https://scholars.duke.edu/person/sam.miglarese,Sam R Miglarese,Adjunct Instructor in the Program in Education,0,,,,lecturer/instructor
walter1654,https://scholars.duke.edu/person/walter1654,,,0,,,,"not tenure-track, or primary appointment outside Trinity departments (title not shown)"
Simon.Miles,https://scholars.duke.edu/person/Simon.Miles,Simon Miles,Kevin D. Gorter Associate Professor of Public Policy,0,,,,"primary appointment outside Trinity departments, or non-faculty title"
claudia.milian,https://scholars.duke.edu/person/claudia.milian,,,1,Romance Studies,Humanities,Full,
ezra.miller,https://scholars.duke.edu/person/ezra.miller,Ezra Miller,Professor of Mathematics,1,Mathematics,Natural Sciences,Full,
gm19,https://scholars.duke.edu/person/gm19,Genna Miller,Lecturing Fellow of Economics,0,,,,lecturer/instructor
janell.miller,https://scholars.duke.edu/person/janell.miller,Janell A Miller,Adjunct Instructor in the Master of Arts in Teaching Program,0,,,,lecturer/instructor
mmiller,https://scholars.duke.edu/person/mmiller,Martin A. Miller,Professor Emeritus of History,0,,,,emeritus
steve.milligan,https://scholars.duke.edu/person/steve.milligan,Stephen Milligan II,Lecturing Fellow of Cinematic Arts,0,,,,lecturer/instructor
Jamila.Minga,https://scholars.duke.edu/person/Jamila.Minga,Jamila Minga,Associate Professor of Head and Neck Surgery & Communication Sciences,0,,,,"primary appointment outside Trinity departments, or non-faculty title"
rmitch,https://scholars.duke.edu/person/rmitch,Robert Edward Mitchell,Professor Emeritus of English,0,,,,emeritus
tmo1,https://scholars.duke.edu/person/tmo1,Thomas Mitchell-Olds,Newman Ivey White Distinguished Professor Emeritus of Biology,0,,,,emeritus
david.mitzi,https://scholars.duke.edu/person/david.mitzi,David Mitzi,Simon Family Distinguished Professor,0,,,,"primary appointment outside Trinity departments, or non-faculty title"
khwezi.mkhize,https://scholars.duke.edu/person/khwezi.mkhize,Khwezi Mkhize,Assistant Professor of African & African American Studies,1,African & African American Studies,Social Sciences,Assistant,
modrich,https://scholars.duke.edu/person/modrich,Paul L. Modrich,James B. Duke Distinguished Professor Emeritus of Biochemistry,0,,,,emeritus
terrie.moffitt,https://scholars.duke.edu/person/terrie.moffitt,Terrie E. Moffitt,Nannerl O. Keohane University Distinguished Professor,1,Psychology & Neuroscience,Natural Sciences,Full,
manoj.mohanan,https://scholars.duke.edu/person/manoj.mohanan,Manoj Mohanan,Vice Provost for Interdisciplinary Programs,0,,,,"primary appointment outside Trinity departments, or non-faculty title"
toril,https://scholars.duke.edu/person/toril,Toril Moi,James B. Duke Distinguished Professor of Literature,1,Literature,Humanities,Full,
christopher.monroe,https://scholars.duke.edu/person/christopher.monroe,Christopher R Monroe,Gilhuly Family Presidential Distinguished Professor,0,,,,"primary appointment outside Trinity departments, or non-faculty title"
johann.montozzi-wood,https://scholars.duke.edu/person/johann.montozzi-wood,Johann R. Montozzi-Wood,Assistant Professor of the Practice of Theater Studies,0,,,,professor of the practice
james.moody,https://scholars.duke.edu/person/james.moody,James Moody,Professor in the Department of Sociology,1,Sociology,Social Sciences,Full,
andrea.moore,https://scholars.duke.edu/person/andrea.moore,Andrea Edith Moore,Instructor of Music,0,,,,lecturer/instructor
jorge.morales,https://scholars.duke.edu/person/jorge.morales,Jorge Morales,Associate Professor of Philosophy,1,Philosophy,Humanities,Associate,
ivan.moreno-hernandez,https://scholars.duke.edu/person/ivan.moreno-hernandez,Ivan A. Moreno-Hernandez,The Eberts Family Assistant Professor of Chemistry,1,Chemistry,Natural Sciences,Assistant,
rajendra.morey,https://scholars.duke.edu/person/rajendra.morey,Rajendra A. Morey,Professor of Psychiatry and Behavioral Sciences,0,,,,"primary appointment outside Trinity departments, or non-faculty title"
david.morgan,https://scholars.duke.edu/person/david.morgan,David Morgan,Professor of Religious Studies,1,Religious Studies,Humanities,Full,
Kathryn.Morgan,https://scholars.duke.edu/person/Kathryn.Morgan,Kathryn Morgan,Assistant Professor of Classical Studies,1,Classical Studies,Humanities,Assistant,
pmorgan,https://scholars.duke.edu/person/pmorgan,S. Philip Morgan,Norb F. Schaefer Distinguished Professor Emeritus of International Studies,0,,,,emeritus
wfmorris,https://scholars.duke.edu/person/wfmorris,William F. Morris,Professor Emeritus of Biology,0,,,,emeritus
wendy.morrison,https://scholars.duke.edu/person/wendy.morrison,Wendy A Morrison,Assistant Professor of Economics,1,Economics,Social Sciences,Assistant,
mmorton,https://scholars.duke.edu/person/mmorton,Michael M. Morton,Research Professor Emeritus in the Department of Germanic Languages and Literature,0,,,,emeritus
dexter.moses,https://scholars.duke.edu/person/dexter.moses,Dexter Moses,Instructor of Music,0,,,,lecturer/instructor
mmoses,https://scholars.duke.edu/person/mmoses,Michael Valdez Moses,Associate Professor Emeritus of English,0,,,,emeritus
wid.twp,https://scholars.duke.edu/person/wid.twp,Cary Moskovitz,Professor of the Practice in the Writing and Rhetoric Program,0,,,,professor of the practice
negar,https://scholars.duke.edu/person/negar,Negar Mottahedeh,Professor of Literature,1,Literature,Humanities,Full,
afmotten,https://scholars.duke.edu/person/afmotten,Alexander Motten,Associate Professor of the Practice Emeritus of Biology,0,,,,emeritus
smoyle,https://scholars.duke.edu/person/smoyle,Norwood Moyle,Senior Lecturing Fellow in Innovation & Entrepreneurship,0,,,,lecturer/instructor
muller,https://scholars.duke.edu/person/muller,Berndt Mueller,James B. Duke Distinguished Professor of Physics,1,Physics,Natural Sciences,Full,
kamesh,https://scholars.duke.edu/person/kamesh,Kamesh Munagala,Professor of Computer Science,1,Computer Science,Natural Sciences,Full,
michael.munger,https://scholars.duke.edu/person/michael.munger,Michael C. Munger,"Pfizer,Inc./Edmund T. Pratt, Jr. University Distinguished Professor",1,Political Science,Social Sciences,Full,
joan.munne,https://scholars.duke.edu/person/joan.munne,Joan Munné,Senior Lecturer of Romance Studies,0,,,,lecturer/instructor
muschkin,https://scholars.duke.edu/person/muschkin,Clara G. Muschkin,Associate Research Professor Emerita in the Sanford School of Public Policy,0,,,,emeritus
charles.musiba,https://scholars.duke.edu/person/charles.musiba,Charles M Musiba,Professor of Evolutionary Anthropology,1,Evolutionary Anthropology,Natural Sciences,Full,
eric.mvukiyehe,https://scholars.duke.edu/person/eric.mvukiyehe,Eric Ndahayo Mvukiyehe,Assistant Professor of Political Science,1,Political Science,Social Sciences,Assistant,
rachel.myrick,https://scholars.duke.edu/person/rachel.myrick,Rachel Myrick,Douglas and Ellen Lowey Associate Professor of Political Science,1,Political Science,Social Sciences,Associate,
verena.m,https://scholars.duke.edu/person/verena.m,Verena Mösenbichler-Bryant,Professor of the Practice of Music,0,,,,professor of the practice
jessica.namakkal,https://scholars.duke.edu/person/jessica.namakkal,,,0,,,,"not tenure-track, or primary appointment outside Trinity departments (title not shown)"
Jennifer.Nash,https://scholars.duke.edu/person/Jennifer.Nash,,,1,"Gender, Sexuality & Feminist Studies",Social Sciences,Full,
Eva.Naumann,https://scholars.duke.edu/person/Eva.Naumann,Eva Aimable Naumann,Assistant Professor of Neurobiology,0,,,,"primary appointment outside Trinity departments, or non-faculty title"
luis.navarro.roncero,https://scholars.duke.edu/person/luis.navarro.roncero,Luis Jose Navarro Roncero,Lecturing Fellow of Romance Studies,0,,,,lecturer/instructor
Kartik.Nayak,https://scholars.duke.edu/person/Kartik.Nayak,Kartik Nayak,Associate Professor of Computer Science,1,Computer Science,Natural Sciences,Associate,
allison.neal,https://scholars.duke.edu/person/allison.neal,Allison R Neal,Instructor in English,0,,,,lecturer/instructor
man9,https://scholars.duke.edu/person/man9,Mark Anthony Neal,James B. Duke Distinguished Professor of African and African American Studies,1,African & African American Studies,Social Sciences,Full,
nechyba,https://scholars.duke.edu/person/nechyba,Thomas J. Nechyba,Professor of Economics,1,Economics,Social Sciences,Full,
kate.nemecek,https://scholars.duke.edu/person/kate.nemecek,Kate Nemecek,Lecturer of Computer Science,0,,,,lecturer/instructor
kneusche,https://scholars.duke.edu/person/kneusche,Kristen Neuschel,Professor Emerita of History,0,,,,emeritus
Robert.Newman,https://scholars.duke.edu/person/Robert.Newman,Robert D Newman,Adjunct Professor of English,0,,,,adjunct
thomas.newpher,https://scholars.duke.edu/person/thomas.newpher,Thomas Mark Newpher,Associate Professor of the Practice of Psychology and Neuroscience,0,,,,professor of the practice
bo.newsome,https://scholars.duke.edu/person/bo.newsome,Bo Newsome,Instructor of Music,0,,,,lecturer/instructor
ng,https://scholars.duke.edu/person/ng,Lenhard Lee Ng,Professor of Mathematics,1,Mathematics,Natural Sciences,Full,
minna.ng,https://scholars.duke.edu/person/minna.ng,Minna Ng,Assistant Professor of the Practice of Psychology and Neuroscience,0,,,,professor of the practice
marguerite.nguyen,https://scholars.duke.edu/person/marguerite.nguyen,Marguerite B Nguyen,Associate Professor of English,1,English,Humanities,Associate,
travis.nicholson,https://scholars.duke.edu/person/travis.nicholson,Travis L Nicholson,Assistant Professor of Physics,1,Physics,Natural Sciences,Assistant,
nicoleli,https://scholars.duke.edu/person/nicoleli,Miguel Angelo L. Nicolelis,Professor Emeritus of Neurobiology,0,,,,emeritus
hfn,https://scholars.duke.edu/person/hfn,H. Frederik Nijhout,John Franklin Crowell Distinguished Professor of Biology,1,Biology,Natural Sciences,Full,
Rachel.Niketopoulos,https://scholars.duke.edu/person/Rachel.Niketopoulos,Rachel Niketopoulos,Instructor of Music,0,,,,lecturer/instructor
niou,https://scholars.duke.edu/person/niou,Emerson S. Niou,Professor of Political Science,1,Political Science,Social Sciences,Full,
Evert.Njomen,https://scholars.duke.edu/person/Evert.Njomen,Evert Njomen,Assistant Professor of Chemistry,1,Chemistry,Natural Sciences,Assistant,
crystal.noel,https://scholars.duke.edu/person/crystal.noel,Crystal Noel,Assistant Professor of Electrical and Computer Engineering,0,,,,"primary appointment outside Trinity departments, or non-faculty title"
wnoland,https://scholars.duke.edu/person/wnoland,William Noland,"Professor of the Practice Emeritus of Art, Art History & Visual Studies",0,,,,emeritus
nolen,https://scholars.duke.edu/person/nolen,James H. Nolen,Alexander Hehmeyer Professor of Mathematics,1,Mathematics,Natural Sciences,Full,
noor,https://scholars.duke.edu/person/noor,Mohamed A. F. Noor,Professor of Biology and Executive Vice Provost,1,Biology,Natural Sciences,Full,
jakob.norberg,https://scholars.duke.edu/person/jakob.norberg,Jakob Norberg,Professor of German Studies,1,German Studies,Humanities,Full,
wayne.norman,https://scholars.duke.edu/person/wayne.norman,,,1,Philosophy,Humanities,Full,
david.norwood,https://scholars.duke.edu/person/david.norwood,David C Norwood,Visiting Professor in the Department of Army Reserve Officer Training Corps (ROTC),0,,,,visiting
snowicki,https://scholars.duke.edu/person/snowicki,Stephen Nowicki,Professor Emeritus of Biology,0,,,,emeritus
tamika.nunley,https://scholars.duke.edu/person/tamika.nunley,Tamika Nunley,William & Sue Gross Professor of History,1,History,Social Sciences,Full,
charles.nunn,https://scholars.duke.edu/person/charles.nunn,,,1,Evolutionary Anthropology,Natural Sciences,Full,
jeanobar,https://scholars.duke.edu/person/jeanobar,Jean F. O'Barr,University Distinguished Service Professor of the Practice Emeritus of Education,0,,,,emeritus
william.obarr,https://scholars.duke.edu/person/william.obarr,William M. O'Barr,Professor Emeritus of Cultural Anthropology,0,,,,emeritus
aorand,https://scholars.duke.edu/person/aorand,Angela M. O'Rand,Professor Emeritus of Sociology,0,,,,emeritus
oas,https://scholars.duke.edu/person/oas,Terrence Gilbert Oas,Professor Emeritus of Biochemistry,0,,,,emeritus
seog,https://scholars.duke.edu/person/seog,Seog Oh,Professor of Physics,1,Physics,Natural Sciences,Full,
olcott,https://scholars.duke.edu/person/olcott,Jocelyn Olcott,Professor of History,1,History,Social Sciences,Full,
mark.oldham,https://scholars.duke.edu/person/mark.oldham,Mark Oldham,Professor of Radiation Oncology,0,,,,"primary appointment outside Trinity departments, or non-faculty title"
mark.olson,https://scholars.duke.edu/person/mark.olson,,,0,,,,"not tenure-track, or primary appointment outside Trinity departments (title not shown)"
Masayuki.Onishi,https://scholars.duke.edu/person/Masayuki.Onishi,Masayuki Onishi,Assistant Professor of Biology,1,Biology,Natural Sciences,Assistant,
lorr,https://scholars.duke.edu/person/lorr,Linda Orr,Professor Emeritus of Romance Studies,0,,,,emeritus
mary.osborne,https://scholars.duke.edu/person/mary.osborne,Mary Osborne,Lecturing Fellow in the Linguistics Program,0,,,,lecturer/instructor
kossi,https://scholars.duke.edu/person/kossi,Kerry Ossi-Lupo,Lecturing Fellow in Communications,0,,,,lecturer/instructor
christopher.ouma,https://scholars.duke.edu/person/christopher.ouma,Christopher Ernest Ouma,Associate Professor of English,1,English,Humanities,Associate,
t.overath,https://scholars.duke.edu/person/t.overath,Tobias Overath,Assistant Professor of Psychology and Neuroscience,1,Psychology & Neuroscience,Natural Sciences,Assistant,
emily.ozdowski,https://scholars.duke.edu/person/emily.ozdowski,Emily Franklin Ozdowski,Lecturer of Biology,0,,,,lecturer/instructor
Natalia.Pabon.mora,https://scholars.duke.edu/person/Natalia.Pabon.mora,Natalia Pabon Mora,Associate Professor of Biology,1,Biology,Natural Sciences,Associate,
david.page,https://scholars.duke.edu/person/david.page,David Page,Duke Health Distinguished Professor of Biostatistics & Bioinformatics,0,,,,"primary appointment outside Trinity departments, or non-faculty title"
miroslav.pajic,https://scholars.duke.edu/person/miroslav.pajic,Miroslav Pajic,Professor in the Department of Electrical and Computer Engineering,0,,,,"primary appointment outside Trinity departments, or non-faculty title"
paletz,https://scholars.duke.edu/person/paletz,David L. Paletz,Professor Emeritus of Political Science,0,,,,emeritus
espaley,https://scholars.duke.edu/person/espaley,Elizabeth Paley,Instructor in the Pratt School of Engineering,0,,,,lecturer/instructor
palmer,https://scholars.duke.edu/person/palmer,Richard G. Palmer,Professor Emeritus of Physics,0,,,,emeritus
erdman.palmore,https://scholars.duke.edu/person/erdman.palmore,Erdman B. Palmore,Professor Emeritus,0,,,,emeritus
debmalya.panigrahi,https://scholars.duke.edu/person/debmalya.panigrahi,,,1,Computer Science,Natural Sciences,Full,
ejp3,https://scholars.duke.edu/person/ejp3,Edmund Paolantonio,Instructor of Music,0,,,,lecturer/instructor
wlp,https://scholars.duke.edu/person/wlp,William L. Pardon,Professor Emeritus of Mathematics,0,,,,emeritus
lparedes,https://scholars.duke.edu/person/lparedes,Liliana Paredes,Professor of the Practice of Romance Studies,0,,,,professor of the practice
james.parise,https://scholars.duke.edu/person/james.parise,,,0,,,,"not tenure-track, or primary appointment outside Trinity departments (title not shown)"
Luciana.Parisi,https://scholars.duke.edu/person/Luciana.Parisi,Luciana Parisi,Professor of Literature,1,Literature,Humanities,Full,
jean.park,https://scholars.duke.edu/person/jean.park,Jean Park,Instructor of Music,0,,,,lecturer/instructor
rparkins,https://scholars.duke.edu/person/rparkins,Robert Parkins,Professor of the Practice Emeritus of Music,0,,,,emeritus
emily.parks,https://scholars.duke.edu/person/emily.parks,Emily L Parks,Lecturing Fellow of the Writing and Rhetoric Program,0,,,,lecturer/instructor
parr,https://scholars.duke.edu/person/parr,,,1,Computer Science,Natural Sciences,Full,
spartner,https://scholars.duke.edu/person/spartner,Simon Partner,Professor of History,1,History,Social Sciences,Full,
snp2,https://scholars.duke.edu/person/snp2,Sheila N Patek,Professor of Biology,1,Biology,Natural Sciences,Full,
subhrendu.pattanayak,https://scholars.duke.edu/person/subhrendu.pattanayak,Subhrendu K. Pattanayak,Oak Foundation Distinguished Professor of Environmental and Energy Policy,0,,,,"primary appointment outside Trinity departments, or non-faculty title"
andrew.patton,https://scholars.duke.edu/person/andrew.patton,Andrew J. Patton,Zelter Family Distinguished Professor,1,Economics,Social Sciences,Full,
Christine.Payne,https://scholars.duke.edu/person/Christine.Payne,Christine K. Payne,Professor in the Thomas Lord Department of Mechanical Engineering and Materials Science,0,,,,"primary appointment outside Trinity departments, or non-faculty title"
jpayne,https://scholars.duke.edu/person/jpayne,John W. Payne,"Joseph J. Ruvane, Jr. Distinguished Professor Emeritus",0,,,,emeritus
peckgw,https://scholars.duke.edu/person/peckgw,Gunther W. Peck,Professor in the Sanford School of Public Policy,0,,,,"primary appointment outside Trinity departments, or non-faculty title"
Jian.Pei,https://scholars.duke.edu/person/Jian.Pei,Jian Pei,Arthur S. Pearse Distinguished Professor of Computer Science,1,Computer Science,Natural Sciences,Full,
zpei,https://scholars.duke.edu/person/zpei,Zhen-Ming Pei,Associate Professor of Biology,1,Biology,Natural Sciences,Associate,
nadeesha.perera,https://scholars.duke.edu/person/nadeesha.perera,Nadeesha S Perera,Instructor B in the Department of Biology,0,,,,lecturer/instructor
peretto,https://scholars.duke.edu/person/peretto,Pietro F. Peretto,Professor of Economics,1,Economics,Social Sciences,Full,
israel.perezmedina,https://scholars.duke.edu/person/israel.perezmedina,Israel Perez Medina,Instructor in the Department of Romance Studies,0,,,,lecturer/instructor
melopete,https://scholars.duke.edu/person/melopete,Melvin K. H. Peters,Professor Emeritus of Religious Studies,0,,,,emeritus
alex.pfaff,https://scholars.duke.edu/person/alex.pfaff,Alexander Pfaff,Bernard Rhodes Distinguished Professor of Public Policy,0,,,,"primary appointment outside Trinity departments, or non-faculty title"
pfau,https://scholars.duke.edu/person/pfau,Thomas Pfau,Alice Mary Baldwin Distinguished Professor of English,1,English,Humanities,Full,
henry.pfister,https://scholars.duke.edu/person/henry.pfister,Henry Pfister,Addy Family Professor of Electrical and Computer Engineering,0,,,,"primary appointment outside Trinity departments, or non-faculty title"
dirk.philipsen,https://scholars.duke.edu/person/dirk.philipsen,Dirk Philipsen,Associate Research Professor in the Sanford School of Public Policy,0,,,,research faculty
henry.pickford,https://scholars.duke.edu/person/henry.pickford,Henry Pickford,Professor of German Studies,1,German Studies,Humanities,Full,
pickus,https://scholars.duke.edu/person/pickus,Noah M. Pickus,Professor of the Practice in the Sanford School of Public Policy,0,,,,professor of the practice
pierce,https://scholars.duke.edu/person/pierce,Lillian Beatrix Pierce,Anne Firor Scott Distinguished Professor of Mathematics,1,Mathematics,Natural Sciences,Full,
jacques.pierre,https://scholars.duke.edu/person/jacques.pierre,,,0,,,,"not tenure-track, or primary appointment outside Trinity departments (title not shown)"
Laura.Pilossoph,https://scholars.duke.edu/person/Laura.Pilossoph,Laura Pilossoph,Associate Professor of Economics,1,Economics,Social Sciences,Associate,
charles.piot,https://scholars.duke.edu/person/charles.piot,Charles D. Piot,Professor of Cultural Anthropology,1,Cultural Anthropology,Social Sciences,Full,
plesser,https://scholars.duke.edu/person/plesser,M. Ronen Plesser,Professor of Physics,1,Physics,Natural Sciences,Full,
Michael.Pollmann,https://scholars.duke.edu/person/Michael.Pollmann,Michael Pollmann,Assistant Professor of Economics,1,Economics,Social Sciences,Assistant,
Herman.Pontzer,https://scholars.duke.edu/person/Herman.Pontzer,Herman Pontzer,Jerry G. and Patricia Crawford Hubbard Professor of Evolutionary Anthropology,1,Evolutionary Anthropology,Natural Sciences,Full,
andrew.pope,https://scholars.duke.edu/person/andrew.pope,Andrew R Pope,Visiting Assistant Professor in the Department of ROTC - Air Force,0,,,,visiting
dpope,https://scholars.duke.edu/person/dpope,Deborah Pope,Professor Emerita of English,0,,,,emeritus
k.poss,https://scholars.duke.edu/person/k.poss,Kenneth Daniel Poss,James B. Duke Distinguished Professor Emeritus of Regenerative Biology,0,,,,emeritus
postrust,https://scholars.duke.edu/person/postrust,Anna Post Rust,"Lecturing Fellow of Art, Art History & Visual Studies",0,,,,lecturer/instructor
sarah.pourciau,https://scholars.duke.edu/person/sarah.pourciau,Sarah Milne Pourciau,Associate Professor of German Studies,1,German Studies,Humanities,Associate,
richard.powell,https://scholars.duke.edu/person/richard.powell,Richard J. Powell,John Spencer Bassett Distinguished Professor of Art and Art History,1,"Art, Art History & Visual Studies",Humanities,Full,
luke.powery,https://scholars.duke.edu/person/luke.powery,Luke Powery,Professor of Homiletics,0,,,,"primary appointment outside Trinity departments, or non-faculty title"
ife.presswood,https://scholars.duke.edu/person/ife.presswood,Ife Michelle Presswood,Instructor in the Dance Program,0,,,,lecturer/instructor
dprice,https://scholars.duke.edu/person/dprice,David E. Price,Professor Emeritus of Political Science,0,,,,emeritus
gareth.price,https://scholars.duke.edu/person/gareth.price,Gareth O. Price,Visiting Assistant Professor in the Linguistics Program,0,,,,visiting
vincent.price,https://scholars.duke.edu/person/vincent.price,Vincent E. Price,President of Duke University,0,,,,"primary appointment outside Trinity departments, or non-faculty title"
epritch,https://scholars.duke.edu/person/epritch,Eric N. Pritchard,Professor of the Practice in the Department of Music,0,,,,professor of the practice
karine.provot,https://scholars.duke.edu/person/karine.provot,Karine Provot,Lecturing Fellow of Romance Studies,0,,,,lecturer/instructor
pryer,https://scholars.duke.edu/person/pryer,Kathleen M. Pryer,Professor Emeritus of Biology,0,,,,emeritus
kathy.psomiades,https://scholars.duke.edu/person/kathy.psomiades,Kathy A. Psomiades,Associate Professor of English,1,English,Humanities,Associate,
eve.puffer,https://scholars.duke.edu/person/eve.puffer,Eve S. Puffer,Pamela and Jack Egan Associate Professor,1,Psychology & Neuroscience,Natural Sciences,Associate,
purves,https://scholars.duke.edu/person/purves,Dale Purves,Research Professor Emeritus of the Duke Institute for Brain Sciences,0,,,,emeritus
anne.pusey,https://scholars.duke.edu/person/anne.pusey,Anne Pusey,James B. Duke Distinguished Professor Emerita of Evolutionary Anthropology,0,,,,emeritus
putallaz,https://scholars.duke.edu/person/putallaz,Martha Putallaz,Professor Emerita of Psychology and Neuroscience,0,,,,emeritus
Sarah.Quesada,https://scholars.duke.edu/person/Sarah.Quesada,Sarah Quesada,Associate Professor of Romance Studies,1,Romance Studies,Humanities,Associate,
mquillig,https://scholars.duke.edu/person/mquillig,Maureen Quilligan,R. Florence Brinkley Distinguished Professor Emerita of English,0,,,,emeritus
drabiner,https://scholars.duke.edu/person/drabiner,David Rabiner,Research Professor Emeritus of Psychology and Neuroscience,0,,,,emeritus
Joseph.Rabinoff,https://scholars.duke.edu/person/Joseph.Rabinoff,Joseph D Rabinoff,Associate Professor of Mathematics,1,Mathematics,Natural Sciences,Associate,
jradway,https://scholars.duke.edu/person/jradway,Janice A. Radway,Professor Emeritus of Literature,0,,,,emeritus
frr,https://scholars.duke.edu/person/frr,Frederic B. Raimi,Professor of the Practice Emeritus of Music,0,,,,emeritus
sr76,https://scholars.duke.edu/person/sr76,Sumathi Ramaswamy,James B. Duke Distinguished Professor of History,1,History,Social Sciences,Full,
adriano.rampini,https://scholars.duke.edu/person/adriano.rampini,Adriano A. Rampini,Douglas and Josie Breeden Distinguished Professor of Financial Economics,0,,,,"primary appointment outside Trinity departments, or non-faculty title"
jramus,https://scholars.duke.edu/person/jramus,Joseph S. Ramus,Professor Emeritus,0,,,,emeritus
amanda.randles,https://scholars.duke.edu/person/amanda.randles,Amanda Randles,Professor of Biomedical Engineering,0,,,,"primary appointment outside Trinity departments, or non-faculty title"
marcos.rangel,https://scholars.duke.edu/person/marcos.rangel,Marcos A. Rangel,Associate Professor in the Sanford School of Public Policy,0,,,,"primary appointment outside Trinity departments, or non-faculty title"
tsr2,https://scholars.duke.edu/person/tsr2,Thomas S. Rankin,"Professor of the Practice of Art, Art History & Visual Studies",0,,,,professor of the practice
emma.rasiel,https://scholars.duke.edu/person/emma.rasiel,,,0,,,,"not tenure-track, or primary appointment outside Trinity departments (title not shown)"
annmarie.rasmussen,https://scholars.duke.edu/person/annmarie.rasmussen,Ann Marie Rasmussen,Professor Emerita of Germanic Languages and Literature,0,,,,emeritus
mrausher,https://scholars.duke.edu/person/mrausher,Mark D. Rausher,John Carlisle Kilgo Distinguished Professor Emeritus of Biology,0,,,,emeritus
craig.rawlings,https://scholars.duke.edu/person/craig.rawlings,Craig Michael Rawlings,Fuchsberg-Levine Family Associate Professor,1,Sociology,Social Sciences,Associate,
jennan.read,https://scholars.duke.edu/person/jennan.read,Jen'nan Read,Professor of Sociology,1,Sociology,Social Sciences,Full,
reckhow,https://scholars.duke.edu/person/reckhow,Kenneth H. Reckhow,Professor Emeritus of Water Resources,0,,,,emeritus
wmr,https://scholars.duke.edu/person/wmr,William M. Reddy,William T. Laprade Distinguished Professor Emeritus of History,0,,,,emeritus
christopher.redmon,https://scholars.duke.edu/person/christopher.redmon,Christopher Redmon,"Instructor, Special Programs",0,,,,lecturer/instructor
reed,https://scholars.duke.edu/person/reed,Michael C. Reed,Arts and Sciences Distinguished Professor of Mathematics,1,Mathematics,Natural Sciences,Full,
galen.reeves,https://scholars.duke.edu/person/galen.reeves,Galen Reeves,Associate Professor in the Department of Electrical and Computer Engineering,0,,,,"primary appointment outside Trinity departments, or non-faculty title"
mreeves,https://scholars.duke.edu/person/mreeves,Martha Reeves,Professor of the Practice Emerita of Sociology,0,,,,emeritus
marcia.rego,https://scholars.duke.edu/person/marcia.rego,Marcia Rego,Associate Professor of the Practice of the Writing and Rhetoric Program,0,,,,professor of the practice
reichert,https://scholars.duke.edu/person/reichert,William M. Reichert,Professor Emeritus of Biomedical Engineering,0,,,,emeritus
chantal,https://scholars.duke.edu/person/chantal,Chantal D. Reid,Assistant Professor of the Practice Emerita in the Division of Environmental Natural Sciences,0,,,,emeritus
reif,https://scholars.duke.edu/person/reif,John H. Reif,A. Hollis Edens Distinguished Professor of Computer Science,1,Computer Science,Natural Sciences,Full,
Cate.Reilly,https://scholars.duke.edu/person/Cate.Reilly,Catherine Reilly,Associate Professor of Literature,1,Literature,Humanities,Associate,
lee.reiners,https://scholars.duke.edu/person/lee.reiners,,,0,,,,"not tenure-track, or primary appointment outside Trinity departments (title not shown)"
deb.reisinger,https://scholars.duke.edu/person/deb.reisinger,,,0,,,,"not tenure-track, or primary appointment outside Trinity departments (title not shown)"
mert.bahadir.reisoglu,https://scholars.duke.edu/person/mert.bahadir.reisoglu,Mert Bahadir Reisoglu,Assistant Professor of German Studies,1,German Studies,Humanities,Assistant,
jerry,https://scholars.duke.edu/person/jerry,Jerome P. Reiter,Henry W. Newson Distinguished Professor of Statistical Science,1,Statistical Science,Natural Sciences,Full,
Michael.Reiter,https://scholars.duke.edu/person/Michael.Reiter,Michael Reiter,James B. Duke Distinguished Professor of Computer Science,1,Computer Science,Natural Sciences,Full,
karen.remmer,https://scholars.duke.edu/person/karen.remmer,Karen L. Remmer,Professor Emerita of Political Science,0,,,,emeritus
saleem.reshamwala,https://scholars.duke.edu/person/saleem.reshamwala,Saleem Reshamwala,Instructor of Cinematic Arts,0,,,,lecturer/instructor
revkin,https://scholars.duke.edu/person/revkin,Mara Revkin,Associate Professor of Law,0,,,,"primary appointment outside Trinity departments, or non-faculty title"
james.f.reynolds,https://scholars.duke.edu/person/james.f.reynolds,James F. Reynolds,Professor Emeritus in the Division of Environmental Natural Sciences,0,,,,emeritus
julie.a.reynolds,https://scholars.duke.edu/person/julie.a.reynolds,Julie Reynolds,Professor of the Practice in the Department of Biology,0,,,,professor of the practice
william.m.reynolds,https://scholars.duke.edu/person/william.m.reynolds,William Matthew Reynolds,Adjunct Instructor in the Master of Arts in Teaching Program,0,,,,lecturer/instructor
azadi,https://scholars.duke.edu/person/azadi,Amir H. Rezvani,Professor Emeritus in Psychiatry and Behavioral Sciences,0,,,,emeritus
gabriel.richard,https://scholars.duke.edu/person/gabriel.richard,Gabriel Richard,Associate Research Professor of Romance Studies,0,,,,research faculty
Kevin.Richardson,https://scholars.duke.edu/person/Kevin.Richardson,Kevin A Richardson,Associate Professor of Philosophy,1,Philosophy,Humanities,Associate,
richard.riddell,https://scholars.duke.edu/person/richard.riddell,Richard V. Riddell,Mary D.B.T. and James H. Semans Distinguished Professor of the Practice Emeritus of Theater Studies,0,,,,emeritus
david.ridley,https://scholars.duke.edu/person/david.ridley,David Blaine Ridley,Professor of the Practice of Business Administration,0,,,,professor of the practice
jrigg,https://scholars.duke.edu/person/jrigg,Jan Riggsbee,Professor of the Practice Emeritus of Education,0,,,,emeritus
luca.rigotti,https://scholars.duke.edu/person/luca.rigotti,Luca Rigotti,Adjunct Professor of Fuqua School of Business,0,,,,adjunct
krigsby,https://scholars.duke.edu/person/krigsby,Kent J. Rigsby,Professor Emeritus of Classical Studies,0,,,,emeritus
tania.rispoli,https://scholars.duke.edu/person/tania.rispoli,Tania Rispoli,Instructor of Romance Studies,0,,,,lecturer/instructor
rrittgers,https://scholars.duke.edu/person/rrittgers,Ronald K. Rittgers,Duke Divinity School Professor of Reformation Studies,0,,,,"primary appointment outside Trinity departments, or non-faculty title"
ritt,https://scholars.duke.edu/person/ritt,Daniel Rittschof,Norman L. Christensen Distinguished Professor of Environmental Sciences,0,,,,"primary appointment outside Trinity departments, or non-faculty title"
evan.roberson,https://scholars.duke.edu/person/evan.roberson,Evan Roberson,Instructor of Music,0,,,,lecturer/instructor
francis.roberts,https://scholars.duke.edu/person/francis.roberts,Francis Roberts,Instructor of Music,0,,,,lecturer/instructor
j.roberts,https://scholars.duke.edu/person/j.roberts,James W. Roberts,Professor of Economics,1,Economics,Social Sciences,Full,
marykayrobinson47,https://scholars.duke.edu/person/marykayrobinson47,Mary Kay Robinson,Instructor of Music,0,,,,lecturer/instructor
trobish,https://scholars.duke.edu/person/trobish,Thomas Robisheaux,Professor Emeritus of History,0,,,,emeritus
robles,https://scholars.duke.edu/person/robles,Colleen M Robles,Professor of Mathematics,1,Mathematics,Natural Sciences,Full,
rodolfo.roblescruz,https://scholars.duke.edu/person/rodolfo.roblescruz,Rodolfo Robles Cruz,Instructor in the Department of Theater Studies,0,,,,lecturer/instructor
rodger,https://scholars.duke.edu/person/rodger,Susan H. Rodger,Professor of the Practice of Computer Science,0,,,,professor of the practice
jose.rodriguez-garcia,https://scholars.duke.edu/person/jose.rodriguez-garcia,José María Rodríguez García,Associate Professor of Romance Studies,1,Romance Studies,Humanities,Associate,
bruce.rogers2,https://scholars.duke.edu/person/bruce.rogers2,Bruce W Rogers,Assistant Professor in Surgery,0,,,,"primary appointment outside Trinity departments, or non-faculty title"
emily.rogers,https://scholars.duke.edu/person/emily.rogers,,,1,Cultural Anthropology,Social Sciences,Assistant,
c.rojas,https://scholars.duke.edu/person/c.rojas,Carlos Rojas,Professor of Asian and Middle Eastern Studies,1,Asian & Middle Eastern Studies,Humanities,Full,
alex.roland,https://scholars.duke.edu/person/alex.roland,Alex Roland,Professor Emeritus of History,0,,,,emeritus
jroll,https://scholars.duke.edu/person/jroll,James L. Rolleston,Professor Emeritus,0,,,,emeritus
richard.rosa,https://scholars.duke.edu/person/richard.rosa,Richard Rosa,Associate Professor of Romance Studies,1,Romance Studies,Humanities,Associate,
deondra.rose,https://scholars.duke.edu/person/deondra.rose,Deondra Rose,Professor in the Sanford School of Public Policy,0,,,,"primary appointment outside Trinity departments, or non-faculty title"
adam.rosen,https://scholars.duke.edu/person/adam.rosen,Adam M Rosen,Professor of Economics,1,Economics,Social Sciences,Full,
alexrose,https://scholars.duke.edu/person/alexrose,Alexander Rosenberg,R. Taylor Cole Distinguished Professor of Philosophy,1,Philosophy,Humanities,Full,
gabriel.rosenberg,https://scholars.duke.edu/person/gabriel.rosenberg,Gabriel Nathan Rosenberg,"Adjunct Associate Professor of Gender, Sexuality and Feminist Studies",0,,,,adjunct
Adam.Rosenblatt,https://scholars.duke.edu/person/Adam.Rosenblatt,,,0,,,,"not tenure-track, or primary appointment outside Trinity departments (title not shown)"
rosen025,https://scholars.duke.edu/person/rosen025,Mark Zachary Rosenthal,Professor in Psychiatry and Behavioral Sciences,0,,,,"primary appointment outside Trinity departments, or non-faculty title"
ashleighshelby.rosette,https://scholars.duke.edu/person/ashleighshelby.rosette,Ashleigh Shelby Rosette,James L. Vincent Distinguished Professor of Leadership,0,,,,"primary appointment outside Trinity departments, or non-faculty title"
Benjamin.Rossman,https://scholars.duke.edu/person/Benjamin.Rossman,,,1,Computer Science,Natural Sciences,Associate,
src,https://scholars.duke.edu/person/src,Susan Roth,Professor Emeritus of Psychology and Neuroscience,0,,,,emeritus
vlroth,https://scholars.duke.edu/person/vlroth,V. Louise Roth,Professor of Biology,1,Biology,Natural Sciences,Full,
clara.rottsolk,https://scholars.duke.edu/person/clara.rottsolk,Clara Rottsolk,Assistant Professor of the Practice of Music,0,,,,professor of the practice
genevieve.rousseliere,https://scholars.duke.edu/person/genevieve.rousseliere,Genevieve Rousseliere,Associate Professor of Political Science,1,Political Science,Social Sciences,Associate,
arya.roy,https://scholars.duke.edu/person/arya.roy,Arya Roy,Lecturer of Physics,0,,,,lecturer/instructor
sudeepa,https://scholars.duke.edu/person/sudeepa,,,1,Computer Science,Natural Sciences,Full,
charmaine.royal,https://scholars.duke.edu/person/charmaine.royal,Charmaine DM Royal,"Director of the Duke Center on Genomics, Race, Identity, Difference (GRID)",1,African & African American Studies,Social Sciences,Full,
david.rubin,https://scholars.duke.edu/person/david.rubin,,,1,Psychology & Neuroscience,Natural Sciences,Full,
michael.rubinstein,https://scholars.duke.edu/person/michael.rubinstein,Michael Rubinstein,Aleksandar S. Vesic Distinguished Professor,0,,,,"primary appointment outside Trinity departments, or non-faculty title"
rudin,https://scholars.duke.edu/person/rudin,Cynthia D. Rudin,"Gilbert, Louis, and Edward Lehrman Distinguished Professor",1,Computer Science,Natural Sciences,Full,
krudy,https://scholars.duke.edu/person/krudy,Mary K. Rudy,"Professor Emerita of Gender, Sexuality and Feminist Studies",0,,,,emeritus
martin.ruef,https://scholars.duke.edu/person/martin.ruef,Martin Ruef,Jack and Pamela Egan Distinguished Professor of Entrepreneurship,1,Sociology,Social Sciences,Full,
colin.rundel,https://scholars.duke.edu/person/colin.rundel,Colin Rundel,Associate Professor of the Practice of Statistical Science,0,,,,professor of the practice
philip.rupprecht,https://scholars.duke.edu/person/philip.rupprecht,Philip Rupprecht,Professor of Music,1,Music,Humanities,Full,
kevin.ryan,https://scholars.duke.edu/person/kevin.ryan,John K Ryan,Instructor of Economics,0,,,,lecturer/instructor
emily.ryo,https://scholars.duke.edu/person/emily.ryo,Emily Ryo,Charles L. B. Lowndes Distinguished Professor of Law,0,,,,"primary appointment outside Trinity departments, or non-faculty title"
p.sadowski,https://scholars.duke.edu/person/p.sadowski,Philipp Sadowski,Associate Professor of Economics,1,Economics,Social Sciences,Associate,
omid.safi,https://scholars.duke.edu/person/omid.safi,Omid Safi,Professor in the Department of Asian and Middle Eastern Studies,1,Asian & Middle Eastern Studies,Humanities,Full,
anurag.sahay,https://scholars.duke.edu/person/anurag.sahay,Anurag Sahay,Phillip Griffiths Assistant Research Professor of Mathematics,0,,,,research faculty
azu,https://scholars.duke.edu/person/azu,Azusa Saito,Lecturing Fellow in the Department of Asian & Middle Eastern Studies,0,,,,lecturer/instructor
anne-gaelle.saliot,https://scholars.duke.edu/person/anne-gaelle.saliot,Anne-Gaelle Saliot,Associate Professor of Romance Studies,1,Romance Studies,Humanities,Associate,
Phia.Salter,https://scholars.duke.edu/person/Phia.Salter,Phia S Salter,Fred W. Shaffer Associate Professor of Psychology and Neuroscience,1,Psychology & Neuroscience,Natural Sciences,Associate,
Cristina.Salvador,https://scholars.duke.edu/person/Cristina.Salvador,Cristina E Salvador,"Susan W. Beltz and A. Morris Williams, Jr. Assistant Professor of Psychology & Neuroscience",1,Psychology & Neuroscience,Natural Sciences,Assistant,
r.salvatella,https://scholars.duke.edu/person/r.salvatella,Raquel Salvatella de Prada,"Associate Professor of the Practice of Art, Art History & Visual Studies",0,,,,professor of the practice
s.samanezlarkin,https://scholars.duke.edu/person/s.samanezlarkin,Silvia P. Samanez Larkin,Associate Professor in Psychiatry and Behavioral Sciences,0,,,,"primary appointment outside Trinity departments, or non-faculty title"
GREGORY.SAMANEZ-LARKIN,https://scholars.duke.edu/person/GREGORY.SAMANEZ-LARKIN,Gregory Russell Samanez-Larkin,Professor of Psychology and Neuroscience,1,Psychology & Neuroscience,Natural Sciences,Full,
ehsan.samei,https://scholars.duke.edu/person/ehsan.samei,Ehsan Samei,Reed and Martha Rice Distinguished Professor of Radiology,0,,,,"primary appointment outside Trinity departments, or non-faculty title"
devdutta.sangvai,https://scholars.duke.edu/person/devdutta.sangvai,Devdutta Gangadhar Sangvai,Professor Emeritus in Family Medicine and Community Health,0,,,,emeritus
sophia.santillan,https://scholars.duke.edu/person/sophia.santillan,Sophia Santillan,Associate Professor of the Practice in the Thomas Lord Department of Mechanical Engineering and Materials Science,0,,,,professor of the practice
saper,https://scholars.duke.edu/person/saper,Leslie Saper,Professor of Mathematics,1,Mathematics,Natural Sciences,Full,
guillermo.sapiro,https://scholars.duke.edu/person/guillermo.sapiro,Guillermo Sapiro,James B. Duke Distinguished Professor Emeritus of Electrical and Computer Engineering,0,,,,emeritus
Felwine.Sarr,https://scholars.duke.edu/person/Felwine.Sarr,Felwine Sarr,Anne-Marie Bryan Distinguished Professor of French and Francophone Studies,1,Romance Studies,Humanities,Full,
todd.sarver,https://scholars.duke.edu/person/todd.sarver,Todd Sarver,Professor of Economics,1,Economics,Social Sciences,Full,
lrs9,https://scholars.duke.edu/person/lrs9,Lindsay Saunders,Lecturer of Biology,0,,,,lecturer/instructor
jessica.sawyer,https://scholars.duke.edu/person/jessica.sawyer,,,0,,,,"not tenure-track, or primary appointment outside Trinity departments (title not shown)"
Robert.Sawyer,https://scholars.duke.edu/person/Robert.Sawyer,Robert N. Sawyer,Associate Professor Emeritus,0,,,,emeritus
Rhiannon.Scharnhorst,https://scholars.duke.edu/person/Rhiannon.Scharnhorst,Rhiannon Scharnhorst,Senior Lecturer of the Writing and Rhetoric Program,0,,,,lecturer/instructor
amy.schmid,https://scholars.duke.edu/person/amy.schmid,Amy K. Schmid,Professor of Biology,1,Biology,Natural Sciences,Full,
schmid,https://scholars.duke.edu/person/schmid,Lorrie Schmid,Instructional Staff in the Program in Education,0,,,,lecturer/instructor
scott.schmidler,https://scholars.duke.edu/person/scott.schmidler,Scott C. Schmidler,Associate Professor of Statistical Science,1,Statistical Science,Natural Sciences,Associate,
Christoph.Schmidt,https://scholars.duke.edu/person/Christoph.Schmidt,Christoph F. Schmidt,Hertha Sponer Distinguished Professor of Physics,1,Physics,Natural Sciences,Full,
daniel.schmitt,https://scholars.duke.edu/person/daniel.schmitt,Daniel Oliver Schmitt,Professor in the Department of Evolutionary Anthropology,1,Evolutionary Anthropology,Natural Sciences,Full,
joseph.schneider,https://scholars.duke.edu/person/joseph.schneider,Joseph A Schneider,Visiting Assistant Professor in the Department of Aerospace Studies,0,,,,visiting
schoen,https://scholars.duke.edu/person/schoen,Chad L. Schoen,Professor of Mathematics,1,Mathematics,Natural Sciences,Full,
schol,https://scholars.duke.edu/person/schol,Kate Scholberg,Arts & Sciences Distinguished Professor of Physics,1,Physics,Natural Sciences,Full,
eliana.schonberg,https://scholars.duke.edu/person/eliana.schonberg,Eliana J. Schonberg,Professor of the Practice of the Writing and Rhetoric Program,0,,,,professor of the practice
schott,https://scholars.duke.edu/person/schott,Sarah Schott,Associate Professor of the Practice of Mathematics,0,,,,professor of the practice
nicole.schrammsapyta,https://scholars.duke.edu/person/nicole.schrammsapyta,Nicole Lewellyn Schramm-Sapyta,Associate Professor of the Practice in the Duke Institute for Brain Sciences,0,,,,professor of the practice
fiii,https://scholars.duke.edu/person/fiii,Sarah Schroth,"Director Emerita of Art, Art History & Visual Studies",0,,,,emeritus
tom.schultz,https://scholars.duke.edu/person/tom.schultz,Thomas F. Schultz,Associate Professor of the Practice of Marine Molecular Conservation,0,,,,professor of the practice
ray.schwartz,https://scholars.duke.edu/person/ray.schwartz,Ray Eliot Schwartz,Instructor in the Dance Program,0,,,,lecturer/instructor
schwartz.bloom,https://scholars.duke.edu/person/schwartz.bloom,Rochelle D. Schwartz-Bloom,Professor Emeritus of Pharmacology & Cancer Biology,0,,,,emeritus
miraxenia.schwerda,https://scholars.duke.edu/person/miraxenia.schwerda,Mira Xenia Schwerda,"Assistant Professor of Art, Art History & Visual Studies",1,"Art, Art History & Visual Studies",Humanities,Assistant,
dscolnic,https://scholars.duke.edu/person/dscolnic,Daniel M. Scolnic,Professor of Physics,1,Physics,Natural Sciences,Full,
Sean.Scott,https://scholars.duke.edu/person/Sean.Scott,Sean Scott,Executive In Residence of Statistical Science,0,,,,"primary appointment outside Trinity departments, or non-faculty title"
guglielmo.scovazzi,https://scholars.duke.edu/person/guglielmo.scovazzi,Guglielmo Scovazzi,Professor in the Department of Civil and Environmental Engineering,0,,,,"primary appointment outside Trinity departments, or non-faculty title"
bill.seaman,https://scholars.duke.edu/person/bill.seaman,William Seaman,"Professor of Art, Art History and Visual Studies",1,"Art, Art History & Visual Studies",Humanities,Full,
searles,https://scholars.duke.edu/person/searles,Richard B. Searles,Professor Emeritus of Botany,0,,,,emeritus
a.serna,https://scholars.duke.edu/person/a.serna,Angelica Serna Jeri,Assistant Professor of Romance Studies,1,Romance Studies,Humanities,Assistant,
silvia.serrano,https://scholars.duke.edu/person/silvia.serrano,Silvia Serrano,Lecturing Fellow of Romance Studies,0,,,,lecturer/instructor
daniel.seyfried,https://scholars.duke.edu/person/daniel.seyfried,Daniel Seyfried,Instructor of Music,0,,,,lecturer/instructor
james.shah,https://scholars.duke.edu/person/james.shah,James Shah,Associate Professor of Psychology and Neuroscience,1,Psychology & Neuroscience,Natural Sciences,Associate,
purnima.shah,https://scholars.duke.edu/person/purnima.shah,Purnima Shah,Professor of the Practice of Dance,0,,,,professor of the practice
joshua.shapero,https://scholars.duke.edu/person/joshua.shapero,Joshua Shapero,Lecturing Fellow in the Department of Romance Studies,0,,,,lecturer/instructor
kshapiro,https://scholars.duke.edu/person/kshapiro,Karin Shapiro,Professor of the Practice in the Department of African and African American Studies,0,,,,professor of the practice
Akhil.Sharma,https://scholars.duke.edu/person/Akhil.Sharma,Akhil Sharma,Adele Schiff Professor of the Practice of English,0,,,,professor of the practice
shatzman,https://scholars.duke.edu/person/shatzman,Merrill Shatzman,"Professor of the Practice Emeritus of Art, Art History & Visual Studies",0,,,,emeritus
joseph.shatzmiller,https://scholars.duke.edu/person/joseph.shatzmiller,Joseph Shatzmiller,Smart Family Distinguished Professor Emeritus in Judaic Studies in Trinity College of Arts and Sciences,0,,,,emeritus
shaw,https://scholars.duke.edu/person/shaw,A. Jonathan Shaw,Professor of Biology,1,Biology,Natural Sciences,Full,
barbara.r.shaw,https://scholars.duke.edu/person/barbara.r.shaw,Barbara R. Shaw,William T. Miller Distinguished Professor Emeritus of Chemistry,0,,,,emeritus
shelb003,https://scholars.duke.edu/person/shelb003,Rebecca A Shelby,Professor in Psychiatry and Behavioral Sciences,0,,,,"primary appointment outside Trinity departments, or non-faculty title"
blair.sheppard,https://scholars.duke.edu/person/blair.sheppard,Blair H. Sheppard,Professor Emeritus,0,,,,emeritus
andrew.sherwood,https://scholars.duke.edu/person/andrew.sherwood,Andrew Sherwood,Professor Emeritus in Psychiatry and Behavioral Sciences,0,,,,emeritus
david.sherwood,https://scholars.duke.edu/person/david.sherwood,David R. Sherwood,Professor of Biology,1,Biology,Natural Sciences,Full,
nina.sherwood,https://scholars.duke.edu/person/nina.sherwood,Nina Tang Sherwood,Associate Professor of the Practice of Biology,0,,,,professor of the practice
ruilin.shi,https://scholars.duke.edu/person/ruilin.shi,Ruilin Shi,William W. Elliott Assistant Research Professor of Mathematics,0,,,,research faculty
shipley,https://scholars.duke.edu/person/shipley,Robert H. Shipley,Associate Professor Emeritus in Psychiatry and Behavioral Sciences,0,,,,emeritus
cathy.shuman,https://scholars.duke.edu/person/cathy.shuman,Cathy Shuman,Lecturing Fellow of English,0,,,,lecturer/instructor
sieburth,https://scholars.duke.edu/person/sieburth,Stephanie Sieburth,Professor Emeritus of Romance Studies,0,,,,emeritus
david.siegel,https://scholars.duke.edu/person/david.siegel,David Siegel,Professor of Political Science,1,Political Science,Social Sciences,Full,
j.siegel,https://scholars.duke.edu/person/j.siegel,,,0,,,,"not tenure-track, or primary appointment outside Trinity departments (title not shown)"
siegel,https://scholars.duke.edu/person/siegel,Neil S. Siegel,Professor Emeritus of Law,0,,,,emeritus
ilene.siegler,https://scholars.duke.edu/person/ilene.siegler,Ilene C. Siegler,Professor Emeritus in Psychiatry and Behavioral Sciences,0,,,,emeritus
peter.sigal,https://scholars.duke.edu/person/peter.sigal,Peter Sigal,Professor of History,1,History,Social Sciences,Full,
lexsilb,https://scholars.duke.edu/person/lexsilb,Alexander Silbiger,Professor Emeritus of Music,0,,,,emeritus
Gustavo.Monteiro.Silva,https://scholars.duke.edu/person/Gustavo.Monteiro.Silva,,,1,Biology,Natural Sciences,Associate,
mbcsilva,https://scholars.duke.edu/person/mbcsilva,Magda Silva,Senior Lecturer of Romance Studies,0,,,,lecturer/instructor
irene.silverblatt,https://scholars.duke.edu/person/irene.silverblatt,Irene Silverblatt,Professor Emerita of Cultural Anthropology,0,,,,emeritus
simmerme,https://scholars.duke.edu/person/simmerme,Melissa Simmermeyer,Senior Lecturer of Romance Studies,0,,,,lecturer/instructor
csims,https://scholars.duke.edu/person/csims,Christopher W Sims,Professor of the Practice in the Sanford School of Public Policy,0,,,,professor of the practice
preeti.singh,https://scholars.duke.edu/person/preeti.singh,Preeti Singh,Assistant Professor of Asian & Middle Eastern Studies,1,Asian & Middle Eastern Studies,Humanities,Assistant,
rohit.singh,https://scholars.duke.edu/person/rohit.singh,Rohit Singh,Assistant Professor of Biostatistics & Bioinformatics,0,,,,"primary appointment outside Trinity departments, or non-faculty title"
shikhar.singh,https://scholars.duke.edu/person/shikhar.singh,Shikhar Singh,Assistant Professor of Political Science,1,Political Science,Social Sciences,Assistant,
walter.sinnott-armstrong,https://scholars.duke.edu/person/walter.sinnott-armstrong,,,1,Philosophy,Humanities,Full,
cjs6,https://scholars.duke.edu/person/cjs6,Charles Skender,Instructor in the Fuqua School of Business,0,,,,lecturer/instructor
shanna.slank,https://scholars.duke.edu/person/shanna.slank,Shanna Slank,Lecturing Fellow in Philosophy,0,,,,lecturer/instructor
aaron.slipper,https://scholars.duke.edu/person/aaron.slipper,Aaron Arthur Gordon Slipper,Phillip Griffiths Assistant Research Professor of Mathematics,0,,,,research faculty
fsloan,https://scholars.duke.edu/person/fsloan,Frank A. Sloan,J. Alexander McMahon Distinguished Professor Emeritus of Health Policy and Management,0,,,,emeritus
daria.smirnova,https://scholars.duke.edu/person/daria.smirnova,Daria Smirnova,Lecturing Fellow in the Department of Slavic & Eurasian Studies,0,,,,lecturer/instructor
bhsmith,https://scholars.duke.edu/person/bhsmith,Barbara Herrnstein Smith,Braxton Craven Distinguished Professor Emerita of Comparative Literature and English,0,,,,emeritus
candis.watts,https://scholars.duke.edu/person/candis.watts,Candis Watts Smith,Robert O. Keohane Professor of Political Science,1,Political Science,Social Sciences,Full,
crystal.y.smith,https://scholars.duke.edu/person/crystal.y.smith,Crystal Simone Smith,Instructor of the Writing and Rhetoric Program,0,,,,lecturer/instructor
daniel.scott.smith,https://scholars.duke.edu/person/daniel.scott.smith,Daniel Scott Smith,Assistant Professor of Sociology,1,Sociology,Social Sciences,Assistant,
das,https://scholars.duke.edu/person/das,,,0,,,,"not tenure-track, or primary appointment outside Trinity departments (title not shown)"
drsmith,https://scholars.duke.edu/person/drsmith,David R. Smith,James B. Duke Distinguished Professor of Electrical and Computer Engineering,0,,,,"primary appointment outside Trinity departments, or non-faculty title"
katelyn.smith,https://scholars.duke.edu/person/katelyn.smith,Katelyn Smith,Instructor of Romance Studies,0,,,,lecturer/instructor
kksmith,https://scholars.duke.edu/person/kksmith,Kathleen Kovalevski Smith,Professor Emerita of Biology,0,,,,emeritus
lindsey.w.smith,https://scholars.duke.edu/person/lindsey.w.smith,Lindsey Warwick Smith,Lecturing Fellow of the Writing and Rhetoric Program,0,,,,lecturer/instructor
martin.smith,https://scholars.duke.edu/person/martin.smith,Martin D. Smith,George M. Woodwell Distinguished Professor of Environmental Economics,0,,,,"primary appointment outside Trinity departments, or non-faculty title"
Martin.Smith1,https://scholars.duke.edu/person/Martin.Smith1,Martin Paul Smith,Associate Professor of the Practice of Education,0,,,,professor of the practice
ssmith9,https://scholars.duke.edu/person/ssmith9,Stephen Smith,Professor of the Practice Emeritus of African and African American Studies,0,,,,emeritus
smithlov,https://scholars.duke.edu/person/smithlov,Lynn Smith-Lovin,Robert L. Wilson Distinguished Professor Emeritus of Sociology,0,,,,emeritus
moria.smoski,https://scholars.duke.edu/person/moria.smoski,Moria Joy Smoski,Associate Professor in Psychiatry and Behavioral Sciences,0,,,,"primary appointment outside Trinity departments, or non-faculty title"
richard.so,https://scholars.duke.edu/person/richard.so,Richard Jean So,Michael G. Rhodes and Maureen C. Rhodes Associate Professor in the Digital Humanities,1,English,Humanities,Associate,
socolar,https://scholars.duke.edu/person/socolar,Joshua Socolar,Professor of Physics,1,Physics,Natural Sciences,Full,
harris.solomon,https://scholars.duke.edu/person/harris.solomon,Harris Scott Solomon,Adjunct Professor in the Department of Cultural Anthropology,0,,,,adjunct
rosa.solorzano,https://scholars.duke.edu/person/rosa.solorzano,Rosa Solorzano,Consulting Associate in the School of Nursing,0,,,,"primary appointment outside Trinity departments, or non-faculty title"
hsolt,https://scholars.duke.edu/person/hsolt,Helen Solterer,Professor of Romance Studies,1,Romance Studies,Humanities,Full,
marc.sommer,https://scholars.duke.edu/person/marc.sommer,Marc A. Sommer,Professor of Biomedical Engineering,0,,,,"primary appointment outside Trinity departments, or non-faculty title"
sorin,https://scholars.duke.edu/person/sorin,Daniel J. Sorin,Professor of Electrical and Computer Engineering,0,,,,"primary appointment outside Trinity departments, or non-faculty title"
joshua.sosin,https://scholars.duke.edu/person/joshua.sosin,,,1,Classical Studies,Humanities,Associate,
soskice,https://scholars.duke.edu/person/soskice,David Soskice,Research Professor Emeritus of the Department of Political Science,0,,,,emeritus
Sandra.Sotelo-Miller,https://scholars.duke.edu/person/Sandra.Sotelo-Miller,Sandra Edith Sotelo-Miller,Lecturing Fellow of the Writing and Rhetoric Program,0,,,,lecturer/instructor
sarah.soucek,https://scholars.duke.edu/person/sarah.soucek,Sarah Soucek,Instructor of Cinematic Arts,0,,,,lecturer/instructor
Pierpaolo.Spagnolo,https://scholars.duke.edu/person/Pierpaolo.Spagnolo,Pierpaolo Spagnolo,Lecturing Fellow of Romance Studies,0,,,,lecturer/instructor
spana,https://scholars.duke.edu/person/spana,Eric P. Spana,Associate Professor of the Practice Emeritus of Biology,0,,,,emeritus
cheryl.spinner,https://scholars.duke.edu/person/cheryl.spinner,Cheryl Spinner,Instructor of the Writing and Rhetoric Program,0,,,,lecturer/instructor
rps,https://scholars.duke.edu/person/rps,Roxanne P. Springer,Professor of Physics,1,Physics,Natural Sciences,Full,
stanislav.srednyak,https://scholars.duke.edu/person/stanislav.srednyak,Stanislav Srednyak,Adjunct Assistant Professor in the Department of Physics,0,,,,adjunct
gopal.sreenivasan,https://scholars.duke.edu/person/gopal.sreenivasan,Gopal Sreenivasan,Crown University Distinguished Professor in Ethics,1,Philosophy,Humanities,Full,
jers,https://scholars.duke.edu/person/jers,John E. R. Staddon,James B. Duke Distinguished Professor Emeritus of Psychology and Neuroscience,0,,,,emeritus
eric.stallard,https://scholars.duke.edu/person/eric.stallard,Patrick J. Eric Stallard,Research Professor in the Social Science Research Institute,0,,,,research faculty
corina.stan,https://scholars.duke.edu/person/corina.stan,Corina M Stan,Bacca Foundation Associate Professor of English,1,English,Humanities,Associate,
heather.stapleton,https://scholars.duke.edu/person/heather.stapleton,Heather M. Stapleton,Ronie-Richele Garcia-Johnson Distinguished Professor,0,,,,"primary appointment outside Trinity departments, or non-faculty title"
frank.starmer,https://scholars.duke.edu/person/frank.starmer,Charles Franklin Starmer,Professor Emeritus of Computer Science,0,,,,emeritus
ostarn,https://scholars.duke.edu/person/ostarn,Orin Starn,Professor of Cultural Anthropology,1,Cultural Anthropology,Social Sciences,Full,
Daniel.Stegmueller,https://scholars.duke.edu/person/Daniel.Stegmueller,,,1,Political Science,Social Sciences,Full,
alexander.steiger,https://scholars.duke.edu/person/alexander.steiger,Alexander Steiger,Assistant Research Professor of Computer Science,0,,,,research faculty
rlstein,https://scholars.duke.edu/person/rlstein,Rebecca L. Stein,Professor of Cultural Anthropology,1,Cultural Anthropology,Social Sciences,Full,
beka,https://scholars.duke.edu/person/beka,Rebecca Carter Steorts,Associate Professor of Statistical Science,1,Statistical Science,Natural Sciences,Associate,
kstephen,https://scholars.duke.edu/person/kstephen,Kristen R. Stephens,Professor of the Practice of Education,0,,,,professor of the practice
Kristin.Stephens-Martinez,https://scholars.duke.edu/person/Kristin.Stephens-Martinez,Kristin V Stephens-Martinez,Lyle Family Associate Professor of the Practice of Computer Science,0,,,,professor of the practice
stern,https://scholars.duke.edu/person/stern,Mark A. Stern,Professor of Mathematics,1,Mathematics,Natural Sciences,Full,
philip.stern,https://scholars.duke.edu/person/philip.stern,Philip J. Stern,Professor of History,1,History,Social Sciences,Full,
Reuben.Stern,https://scholars.duke.edu/person/Reuben.Stern,,,1,Philosophy,Humanities,Associate,
k.stewart,https://scholars.duke.edu/person/k.stewart,Kearsley A Stewart,Professor of the Practice of Global Health,0,,,,professor of the practice
pstewart,https://scholars.duke.edu/person/pstewart,Philip Stewart,Benjamin E. Powell Distinguished Professor Emeritus of Romance Studies,0,,,,emeritus
awe,https://scholars.duke.edu/person/awe,Kristine Stiles,"France Family Distinguished Professor Emeritus of Art, Art History, and Visual Studies",0,,,,emeritus
Caroline.Stinson,https://scholars.duke.edu/person/Caroline.Stinson,Caroline Stinson,Professor of the Practice of Music,0,,,,professor of the practice
nicholas.stoia,https://scholars.duke.edu/person/nicholas.stoia,Nicholas Stoia,Associate Professor of Music,1,Music,Humanities,Associate,
bear,https://scholars.duke.edu/person/bear,Jeff M. Storer,Professor of the Practice of Theater Studies,0,,,,professor of the practice
anna.storti,https://scholars.duke.edu/person/anna.storti,Anna Storti,"Assistant Professor of Gender, Sexuality & Feminist Studies",1,"Gender, Sexuality & Feminist Studies",Social Sciences,Assistant,
Lucia.Strader,https://scholars.duke.edu/person/Lucia.Strader,Lucia Carol Strader,Professor of Biology,1,Biology,Natural Sciences,Full,
vhs,https://scholars.duke.edu/person/vhs,Victor H. Strandberg,Professor Emeritus of English,0,,,,emeritus
tjstraum,https://scholars.duke.edu/person/tjstraum,Timothy J. Strauman,Professor of Psychology and Neuroscience,1,Psychology & Neuroscience,Natural Sciences,Full,
jessi.streib,https://scholars.duke.edu/person/jessi.streib,Jessi Streib,Professor of Sociology,1,Sociology,Social Sciences,Full,
dawn.strickland,https://scholars.duke.edu/person/dawn.strickland,Dawn Michelle Strickland,Senior Lecturer of Statistical Science,0,,,,lecturer/instructor
james.strong,https://scholars.duke.edu/person/james.strong,James Doyce Strong III,Instructor in the Dance Program,0,,,,lecturer/instructor
tania.suarez,https://scholars.duke.edu/person/tania.suarez,Tania lbis Suarez,Instructor in the Dance Program,0,,,,lecturer/instructor
jason.sudak,https://scholars.duke.edu/person/jason.sudak,Jason K Sudak,Lecturing Fellow of Cinematic Arts,0,,,,lecturer/instructor
jesse.summers,https://scholars.duke.edu/person/jesse.summers,Jesse S Summers,Adjunct Associate Professor of Philosophy,0,,,,adjunct
Anna.Sun,https://scholars.duke.edu/person/Anna.Sun,Anna Sun,Associate Professor of Religious Studies,1,Religious Studies,Humanities,Associate,
tai.ping.sun,https://scholars.duke.edu/person/tai.ping.sun,Tai-ping Sun,John Carlisle Kilgo Distinguished Professor of Biology,1,Biology,Natural Sciences,Full,
xiaobai.sun,https://scholars.duke.edu/person/xiaobai.sun,Xiaobai Sun,Professor of Computer Science,1,Computer Science,Natural Sciences,Full,
john.supko,https://scholars.duke.edu/person/john.supko,John Supko,Associate Professor of Music,1,Music,Humanities,Associate,
sudheesh.surendranath,https://scholars.duke.edu/person/sudheesh.surendranath,Sudheesh Surendranath,William W. Elliott Assistant Research Professor of Mathematics,0,,,,research faculty
ksurin,https://scholars.duke.edu/person/ksurin,Kenneth J. Surin,Professor Emeritus of Literature,0,,,,emeritus
surwi001,https://scholars.duke.edu/person/surwi001,Richard Samuel Surwit,Professor Emeritus in Psychiatry and Behavioral Sciences,0,,,,emeritus
charlotte.sussman,https://scholars.duke.edu/person/charlotte.sussman,Charlotte S. Sussman,Professor of English,1,English,Humanities,Full,
madeline.sutton,https://scholars.duke.edu/person/madeline.sutton,Madeline Jean Crozier Sutton,Assistant Professor of the Practice of Writing and Rhetoric Program,0,,,,professor of the practice
hss,https://scholars.duke.edu/person/hss,Harry Scott Swartzwelder,Adjunct Professor in the Department of Psychiatry and Behavioral Sciences,0,,,,adjunct
margaret.swezey,https://scholars.duke.edu/person/margaret.swezey,Margaret Swezey,Instructor of the Writing and Rhetoric Program,0,,,,lecturer/instructor
ves4,https://scholars.duke.edu/person/ves4,Victoria Szabo,"Research Professor of Art, Art History, & Visual Studies",0,,,,research faculty
maria.tackett,https://scholars.duke.edu/person/maria.tackett,Maria Tackett,Associate Professor of the Practice of Statistical Science,0,,,,professor of the practice
ctalia,https://scholars.duke.edu/person/ctalia,Clay Taliaferro,Professor of the Practice Emeritus of Dance,0,,,,emeritus
vahid.tarokh,https://scholars.duke.edu/person/vahid.tarokh,Vahid Tarokh,Rhodes Family Distinguished Professor of Electrical and Computer Engineering,0,,,,"primary appointment outside Trinity departments, or non-faculty title"
george.tauchen,https://scholars.duke.edu/person/george.tauchen,George E. Tauchen,William Henry Glasson Distinguished Professor Emeritus,0,,,,emeritus
crtaylor,https://scholars.duke.edu/person/crtaylor,Curtis R. Taylor,Professor of Economics,1,Economics,Social Sciences,Full,
hannah.taylor,https://scholars.duke.edu/person/hannah.taylor,Hannah Taylor,Senior Lecturer of the Writing and Rhetoric Program,0,,,,lecturer/instructor
raffaella.ts,https://scholars.duke.edu/person/raffaella.ts,Raffaella Taylor-Seymour,Andrew W. Mellon Assistant Professor of Religious Studies,1,Religious Studies,Humanities,Assistant,
teitso,https://scholars.duke.edu/person/teitso,Stephen W. Teitsworth,Associate Professor of Physics,1,Physics,Natural Sciences,Associate,
Elena.Tenenbaum,https://scholars.duke.edu/person/Elena.Tenenbaum,Elena Tenenbaum,Assistant Professor in Psychiatry and Behavioral Sciences,0,,,,"primary appointment outside Trinity departments, or non-faculty title"
manu,https://scholars.duke.edu/person/manu,John W. Terborgh,James B. Duke Distinguished Professor Emeritus of Environmental Sciences,0,,,,emeritus
jtetel,https://scholars.duke.edu/person/jtetel,Julie A. Tetel,Professor Emerita of English,0,,,,emeritus
susan.than,https://scholars.duke.edu/person/susan.than,Susan Thananopavarn,Lecturing Fellow of the Writing and Rhetoric Program,0,,,,lecturer/instructor
michael.therien,https://scholars.duke.edu/person/michael.therien,Michael J. Therien,"William R. Kenan, Jr. Distinguished Professor of Chemistry",1,Chemistry,Natural Sciences,Full,
d.thomas,https://scholars.duke.edu/person/d.thomas,Duncan Thomas,Norb F. Schaefer Distinguished Professor of International Studies in Trinity College of Arts and Sciences,1,Economics,Social Sciences,Full,
jet,https://scholars.duke.edu/person/jet,John E. Thomas,Fritz London Distinguished Professor Emeritus of Physics,0,,,,emeritus
nicole.thomas,https://scholars.duke.edu/person/nicole.thomas,Nicole Elizabeth Thomas,Instructor in the Dance Program,0,,,,lecturer/instructor
cdthomps,https://scholars.duke.edu/person/cdthomps,Charles Thompson,Professor of the Practice Emeritus of Cultural Anthropology,0,,,,emeritus
JULIA.THOMPSON,https://scholars.duke.edu/person/JULIA.THOMPSON,Julia Thompson,Instructor of Music,0,,,,lecturer/instructor
melissa.thompson,https://scholars.duke.edu/person/melissa.thompson,Melissa Emery Thompson,Professor of Evolutionary Anthropology,1,Evolutionary Anthropology,Natural Sciences,Full,
robert.thompson,https://scholars.duke.edu/person/robert.thompson,Robert J. Thompson Jr.,Professor Emeritus of Psychology and Neuroscience,0,,,,emeritus
sthorne,https://scholars.duke.edu/person/sthorne,Susan Thorne,Associate Professor Emerita of History,0,,,,emeritus
felix.tintelnot,https://scholars.duke.edu/person/felix.tintelnot,Felix Tintelnot,Associate Professor of Economics,1,Economics,Social Sciences,Associate,
ed.tiryakian,https://scholars.duke.edu/person/ed.tiryakian,Edwyn Ashod Tiryakian,Lecturing Fellow of Markets & Management Studies,0,,,,lecturer/instructor
r.todd,https://scholars.duke.edu/person/r.todd,R. Larry Todd,Arts and Sciences Distinguished Professor Emeritus of Music,0,,,,emeritus
tokdar,https://scholars.duke.edu/person/tokdar,Surya Tapas Tokdar,Professor of Statistical Science,1,Statistical Science,Natural Sciences,Full,
michael.tomasello,https://scholars.duke.edu/person/michael.tomasello,Michael Tomasello,James F. Bonk Distinguished Professor,1,Psychology & Neuroscience,Natural Sciences,Full,
tomasi,https://scholars.duke.edu/person/tomasi,Carlo Tomasi,Iris Einheuser Distinguished Professor,1,Computer Science,Natural Sciences,Full,
tomberg,https://scholars.duke.edu/person/tomberg,James B Tomberg,Lecturer Emeritus of Mathematics,0,,,,emeritus
anton.tonchev,https://scholars.duke.edu/person/anton.tonchev,Anton P. Tonchev,Adjunct Professor in the Department of Physics,0,,,,adjunct
yu.tong,https://scholars.duke.edu/person/yu.tong,Yu Tong,Assistant Professor of Mathematics,1,Mathematics,Natural Sciences,Assistant,
precious.tonkins,https://scholars.duke.edu/person/precious.tonkins,Precious A Tonkins,Visiting Lecturer in the Department of Aerospace Sciences,0,,,,lecturer/instructor
eric.toone,https://scholars.duke.edu/person/eric.toone,Eric John Toone,Professor Emeritus of Chemistry,0,,,,emeritus
tor,https://scholars.duke.edu/person/tor,Marianna Torgovnick,Professor of English,1,English,Humanities,Full,
tornow,https://scholars.duke.edu/person/tornow,Werner Tornow,Professor Emeritus of Physics,0,,,,emeritus
dianaisabel.torressilva,https://scholars.duke.edu/person/dianaisabel.torressilva,Diana Torres Silva,Instructor in the Department of Romance Studies,0,,,,lecturer/instructor
tower,https://scholars.duke.edu/person/tower,Edward Tower,Professor Emeritus of Economics,0,,,,emeritus
johnt,https://scholars.duke.edu/person/johnt,John A. Trangenstein,Professor Emeritus of Mathematics,0,,,,emeritus
edward.triplett,https://scholars.duke.edu/person/edward.triplett,Edward Triplett,"Assistant Professor of the Practice of Art, Art History & Visual Studies",0,,,,professor of the practice
kst,https://scholars.duke.edu/person/kst,Kishor S. Trivedi,Hudson Distinguished Professor Emeritus of Electrical and Computer Engineering,0,,,,emeritus
michael.troxel,https://scholars.duke.edu/person/michael.troxel,Michael A. Troxel,Professor of Physics,1,Physics,Natural Sciences,Full,
rtroxler,https://scholars.duke.edu/person/rtroxler,Rebecca Troxler,Associate Professor of the Practice Emerita of Music,0,,,,emeritus
leonid.tsvetkov,https://scholars.duke.edu/person/leonid.tsvetkov,Leonid V Tsvetkov,Brock Family Instructor in Studio Arts,0,,,,lecturer/instructor
vtucker,https://scholars.duke.edu/person/vtucker,Vance A. Tucker,Professor Emeritus of Zoology,0,,,,emeritus
ctufts,https://scholars.duke.edu/person/ctufts,Clare J. Tufts,Professor of the Practice Emerita of Romance,0,,,,emeritus
mustafa.tuna,https://scholars.duke.edu/person/mustafa.tuna,Mustafa Ozgur Tuna,Associate Professor of Slavic and Eurasian Studies,1,Slavic & Eurasian Studies,Humanities,Associate,
jenny.tung,https://scholars.duke.edu/person/jenny.tung,Jenny Tung,Adjunct Professor in the Department of Evolutionary Anthropology,0,,,,adjunct
marcy,https://scholars.duke.edu/person/marcy,Marcy K. Uyenoyama,Professor Emeritus of Biology,0,,,,emeritus
aarthi.vadde,https://scholars.duke.edu/person/aarthi.vadde,,,1,English,Humanities,Associate,
stephen.vaisey,https://scholars.duke.edu/person/stephen.vaisey,,,1,Sociology,Social Sciences,Full,
nelson.sa,https://scholars.duke.edu/person/nelson.sa,Nelson B. Valente de Sa,Associate Professor of the Practice of Economics,0,,,,professor of the practice
mitchell.valenza,https://scholars.duke.edu/person/mitchell.valenza,Mitchell Valenza,Visiting Assistant Professor in the Department of Army ROTC,0,,,,visiting
sandra.valnes,https://scholars.duke.edu/person/sandra.valnes,Sandra Valnes Quammen,Senior Lecturer of Romance Studies,0,,,,lecturer/instructor
patty.vancappellen,https://scholars.duke.edu/person/patty.vancappellen,Patty Van Cappellen,Associate Research Professor in the Social Science Research Institute,0,,,,research faculty
rompay,https://scholars.duke.edu/person/rompay,Lucas Van Rompay,Professor Emeritus of Religious Studies,0,,,,emeritus
Kevin.Van.Sant,https://scholars.duke.edu/person/Kevin.Van.Sant,Kevin Van Sant,Instructor of Music,0,,,,lecturer/instructor
jvtuyl,https://scholars.duke.edu/person/jvtuyl,Joanne Van Tuyl,Professor of the Practice Emeritus of Slavic and Eurasian Studies,0,,,,emeritus
uberjvanasse,https://scholars.duke.edu/person/uberjvanasse,Jared J Vanasse,Adjunct Assistant Professor in the Department of Physics,0,,,,adjunct
georg.vanberg,https://scholars.duke.edu/person/georg.vanberg,Georg Vanberg,Ernestine Friedl Distinguished Professor of Political Science,1,Political Science,Social Sciences,Full,
eve.vavagiakis,https://scholars.duke.edu/person/eve.vavagiakis,Eve M Vavagiakis,Assistant Professor of Physics,1,Physics,Natural Sciences,Assistant,
yesenia.velasco,https://scholars.duke.edu/person/yesenia.velasco,Yesenia Velasco,Lecturer of Computer Science,0,,,,lecturer/instructor
ven,https://scholars.duke.edu/person/ven,Stephanos Venakides,Professor of Mathematics,1,Mathematics,Natural Sciences,Full,
sam.veraldi,https://scholars.duke.edu/person/sam.veraldi,Samuel A Veraldi,Lecturing Fellow of Markets & Management Studies,0,,,,lecturer/instructor
rebecca.vidra,https://scholars.duke.edu/person/rebecca.vidra,Rebecca L. Vidra,Senior Lecturer in the Division of Marine Science and Conservation,0,,,,lecturer/instructor
antonioviego,https://scholars.duke.edu/person/antonioviego,Antonio Viego,Associate Professor of Literature,1,Literature,Humanities,Associate,
azvieth,https://scholars.duke.edu/person/azvieth,Angela Vieth,Senior Lecturer of Psychology and Neuroscience,0,,,,lecturer/instructor
elvira.vilches,https://scholars.duke.edu/person/elvira.vilches,Elvira L Vilches,Associate Professor of Romance Studies,1,Romance Studies,Humanities,Associate,
fungi,https://scholars.duke.edu/person/fungi,Rytas J. Vilgalys,Professor of Biology,1,Biology,Natural Sciences,Full,
ava,https://scholars.duke.edu/person/ava,Ava LaVonne Vinesett,Professor of the Practice of Dance,0,,,,professor of the practice
viswanat,https://scholars.duke.edu/person/viswanat,S. Viswanathan,F.M. Kirby Distinguished Professor of Investment Banking in Fuqua School of Business,0,,,,"primary appointment outside Trinity departments, or non-faculty title"
tuan.vodinh,https://scholars.duke.edu/person/tuan.vodinh,Tuan Vo-Dinh,R. Eugene and Susie E. Goodson Distinguished Professor of Biomedical Engineering,0,,,,"primary appointment outside Trinity departments, or non-faculty title"
alexander.volfovsky,https://scholars.duke.edu/person/alexander.volfovsky,Alexander Volfovsky,Associate Professor of Statistical Science,1,Statistical Science,Natural Sciences,Associate,
pelin.volkan,https://scholars.duke.edu/person/pelin.volkan,Pelin Cayirlioglu Volkan,Associate Professor of Biology,1,Biology,Natural Sciences,Associate,
Anselm.Vossen,https://scholars.duke.edu/person/Anselm.Vossen,Anselm G. Vossen,Associate Professor in the Department of Physics,1,Physics,Natural Sciences,Associate,
lasse.vuursteen,https://scholars.duke.edu/person/lasse.vuursteen,Lasse Vuursteen,Assistant Professor of Statistical Science,1,Statistical Science,Natural Sciences,Assistant,
rachel.wadleigh,https://scholars.duke.edu/person/rachel.wadleigh,Rachel Wadleigh,Assistant Research Professor in the Department of Biology,0,,,,research faculty
jw140,https://scholars.duke.edu/person/jw140,Jacqueline Waeber,Associate Professor of Music,1,Music,Humanities,Associate,
Andrew.Waggoner,https://scholars.duke.edu/person/Andrew.Waggoner,Andrew Waggoner,Instructor of Music,0,,,,lecturer/instructor
rebecca.wahls,https://scholars.duke.edu/person/rebecca.wahls,Rebecca P Wahls,Artist In Residence in the Department of Theater Studies,0,,,,"primary appointment outside Trinity departments, or non-faculty title"
pwald,https://scholars.duke.edu/person/pwald,Priscilla Wald,R. Florence Brinkley Distinguished Professor of English,1,English,Humanities,Full,
Christopher.Walker2,https://scholars.duke.edu/person/Christopher.Walker2,Christopher D Walker,Assistant Professor of Economics,1,Economics,Social Sciences,Assistant,
christine.wall,https://scholars.duke.edu/person/christine.wall,Christine Elizabeth Wall,Research Professor Emerita of Evolutionary Anthropology,0,,,,emeritus
chris.walter,https://scholars.duke.edu/person/chris.walter,Christopher Walter,Professor of Physics,1,Physics,Natural Sciences,Full,
julie.walters,https://scholars.duke.edu/person/julie.walters,Julie Janus Walters,Assistant Professor of the Practice Emerita of Dance,0,,,,emeritus
tyler.walters,https://scholars.duke.edu/person/tyler.walters,Tyler Walters,Associate Professor of the Practice Emeritus of Dance,0,,,,emeritus
waltheri,https://scholars.duke.edu/person/waltheri,Ingeborg C. Walther,Professor of the Practice Emerita of Germanic Languages and Literature,0,,,,emeritus
danielle.wang,https://scholars.duke.edu/person/danielle.wang,Danielle Y Wang,Phillip Griffiths Assistant Research Professor of Mathematics,0,,,,research faculty
qiu.wang,https://scholars.duke.edu/person/qiu.wang,Qiu Wang,Professor of Chemistry,1,Chemistry,Natural Sciences,Full,
yuliang.wang2,https://scholars.duke.edu/person/yuliang.wang2,Yuliang Wang,Phillip Griffiths Assistant Research Professor of Mathematics,0,,,,research faculty
Yun_Emily.Wang,https://scholars.duke.edu/person/Yun_Emily.Wang,Yun Emily Wang,Andrew W. Mellon Assistant Professor of Music,1,Music,Humanities,Assistant,
warren.warren,https://scholars.duke.edu/person/warren.warren,Warren S. Warren,James B. Duke Distinguished Professor of Chemistry,1,Chemistry,Natural Sciences,Full,
nicki.washington,https://scholars.duke.edu/person/nicki.washington,Alicia Nicki Washington,Professor of the Practice of African & African American Studies,0,,,,professor of the practice
Suzanne.Wasiolek,https://scholars.duke.edu/person/Suzanne.Wasiolek,Suzanne J Wasiolek,Adjunct Associate Professor in the Program in Education,0,,,,adjunct
alfredo.watkins,https://scholars.duke.edu/person/alfredo.watkins,Alfredo W. Watkins,Assistant Research Professor of Philosophy,0,,,,research faculty
a.wax,https://scholars.duke.edu/person/a.wax,Adam P. Wax,Professor of Biomedical Engineering,0,,,,"primary appointment outside Trinity departments, or non-faculty title"
william.webb,https://scholars.duke.edu/person/william.webb,William M. Webb,Lecturing Fellow of Theater Studies,0,,,,lecturer/instructor
kweeks,https://scholars.duke.edu/person/kweeks,Kathi Weeks,"Professor Emeritus of Gender, Sexuality and Feminist Studies",0,,,,emeritus
fan.wei,https://scholars.duke.edu/person/fan.wei,Fan Wei,Assistant Professor of Mathematics,1,Mathematics,Natural Sciences,Assistant,
erika.weiberg,https://scholars.duke.edu/person/erika.weiberg,Erika Weiberg,Assistant Professor of Classical Studies,1,Classical Studies,Humanities,Assistant,
kevin.weinfurt,https://scholars.duke.edu/person/kevin.weinfurt,Kevin Phillip Weinfurt,James B. Duke Distinguished Professor of Population Health Sciences,0,,,,"primary appointment outside Trinity departments, or non-faculty title"
erika.weinthal,https://scholars.duke.edu/person/erika.weinthal,Erika S. Weinthal,John O. Blackburn Distinguished Professor,0,,,,"primary appointment outside Trinity departments, or non-faculty title"
erw,https://scholars.duke.edu/person/erw,E. Roy Weintraub,Professor Emeritus of Economics,0,,,,emeritus
gennifer.weisenfeld,https://scholars.duke.edu/person/gennifer.weisenfeld,Gennifer Weisenfeld,Walter H. Annenberg Distinguished Professor of Art and Art History,1,"Art, Art History & Visual Studies",Humanities,Full,
weller,https://scholars.duke.edu/person/weller,Henry R. Weller,Professor Emeritus of Physics,0,,,,emeritus
wells020,https://scholars.duke.edu/person/wells020,Karen Cameron Wells,Associate Professor Emeritus in Psychiatry and Behavioral Sciences,0,,,,emeritus
miranda.welsh,https://scholars.duke.edu/person/miranda.welsh,Miranda Welsh,Lecturing Fellow of the Writing and Rhetoric Program,0,,,,lecturer/instructor
kathleen.welshbohmer,https://scholars.duke.edu/person/kathleen.welshbohmer,Kathleen Anne Welsh-Bohmer,Professor in Psychiatry and Behavioral Sciences,0,,,,"primary appointment outside Trinity departments, or non-faculty title"
kevin.welsher,https://scholars.duke.edu/person/kevin.welsher,Kevin D. Welsher,Robert R. & Katherine B. Penn Associate Professor,1,Chemistry,Natural Sciences,Associate,
augustus.wendell,https://scholars.duke.edu/person/augustus.wendell,Augustus Wendell,"Associate Professor of the Practice of Art, Art History & Visual Studies",0,,,,professor of the practice
emily.wenger,https://scholars.duke.edu/person/emily.wenger,Emily Wenger,Cue Family Assistant Professor of Electrical and Computer Engineering,0,,,,"primary appointment outside Trinity departments, or non-faculty title"
julianne.werlin,https://scholars.duke.edu/person/julianne.werlin,Julianne Werlin,Associate Professor of English,1,English,Humanities,Associate,
j.wernegreen,https://scholars.duke.edu/person/j.wernegreen,Jennifer Jo Wernegreen,Associate Professor of Environmental and Evolutionary Genomics in the Division of Environmental Natural Sciences,0,,,,"primary appointment outside Trinity departments, or non-faculty title"
marcus.werner,https://scholars.duke.edu/person/marcus.werner,Marcus Christian Werner,Associate Professor of Mathematics at Duke Kunshan University,0,,,,"primary appointment outside Trinity departments, or non-faculty title"
katya.wesolowski,https://scholars.duke.edu/person/katya.wesolowski,Katya Wesolowski,Lecturing Fellow in the Department of Cultural Anthropology,0,,,,lecturer/instructor
mw,https://scholars.duke.edu/person/mw,,,0,,,,"not tenure-track, or primary appointment outside Trinity departments (title not shown)"
wharton,https://scholars.duke.edu/person/wharton,Annabel J. Wharton,William B. Hamilton Distinguished Professor of Art and Art History,1,"Art, Art History & Visual Studies",Humanities,Full,
aric.wheeler,https://scholars.duke.edu/person/aric.wheeler,Aric A Wheeler,Phillip Griffiths Assistant Research Professor of Mathematics,0,,,,research faculty
ewheeler,https://scholars.duke.edu/person/ewheeler,Everett Wheeler,Adjunct Instructor of Classical Studies,0,,,,lecturer/instructor
Nina.Wheeler,https://scholars.duke.edu/person/Nina.Wheeler,Nina Wheeler,Lecturing Fellow in the Dance Program,0,,,,lecturer/instructor
anne.whisnant,https://scholars.duke.edu/person/anne.whisnant,Anne Mitchell Whisnant,Associate Professor of the Practice in the Social Science Research Institute,0,,,,professor of the practice
len.white,https://scholars.duke.edu/person/len.white,Leonard Edward White,Associate Professor in Neurology,0,,,,"primary appointment outside Trinity departments, or non-faculty title"
whitman.madisson,https://scholars.duke.edu/person/whitman.madisson,Madisson Whitman,Instructor in the Department of International Comparative Studies,0,,,,lecturer/instructor
kirsten.wickelgren,https://scholars.duke.edu/person/kirsten.wickelgren,Kirsten Graham Wickelgren,Professor of Mathematics,1,Mathematics,Natural Sciences,Full,
ross.widenhoefer,https://scholars.duke.edu/person/ross.widenhoefer,Ross A. Widenhoefer,Professor of Chemistry,1,Chemistry,Natural Sciences,Full,
rwiegman,https://scholars.duke.edu/person/rwiegman,Robyn Wiegman,Professor of Literature,1,Literature,Humanities,Full,
makeba.wilbourn,https://scholars.duke.edu/person/makeba.wilbourn,Makeba Parramore Wilbourn,Associate Professor of the Practice of Psychology and Neuroscience,0,,,,professor of the practice
sarah.wilbur,https://scholars.duke.edu/person/sarah.wilbur,Sarah Wilbur,Associate Professor of the Practice of Dance,0,,,,professor of the practice
christopher.wildeman,https://scholars.duke.edu/person/christopher.wildeman,Christopher Wildeman,Professor of Sociology,1,Sociology,Social Sciences,Full,
julius.wilder1,https://scholars.duke.edu/person/julius.wilder1,Julius Middleton Wilder,Associate Professor of Medicine,0,,,,"primary appointment outside Trinity departments, or non-faculty title"
benjamin.wiley,https://scholars.duke.edu/person/benjamin.wiley,Benjamin J. Wiley,Professor of Chemistry,1,Chemistry,Natural Sciences,Full,
Michael.Wiley,https://scholars.duke.edu/person/Michael.Wiley,Mike Wiley,"Stephen and Janet Bear Assistant Research Professor of Arts, Ethics, and Education in the Program in Education",0,,,,research faculty
blythe.williams,https://scholars.duke.edu/person/blythe.williams,Blythe A. Williams,Associate Professor of the Practice Emerita of Evolutionary Anthropology,0,,,,emeritus
williams,https://scholars.duke.edu/person/williams,Christina L. Williams,Professor Emerita of Psychology and Neuroscience,0,,,,emeritus
redfordw,https://scholars.duke.edu/person/redfordw,Redford B. Williams Jr.,Professor Emeritus of Psychiatry and Behavioral Sciences,0,,,,emeritus
jwillis,https://scholars.duke.edu/person/jwillis,John H. Willis,Professor of Biology,1,Biology,Natural Sciences,Full,
susan.willis,https://scholars.duke.edu/person/susan.willis,Susan Willis,Associate Professor Emeritus of Literature,0,,,,emeritus
Lisa.Wills,https://scholars.duke.edu/person/Lisa.Wills,Lisa Wills,Assistant Professor of Computer Science,1,Computer Science,Natural Sciences,Assistant,
ara.wilson,https://scholars.duke.edu/person/ara.wilson,Ara Wilson,"Associate Professor of Gender, Sexuality & Feminist Studies",1,"Gender, Sexuality & Feminist Studies",Social Sciences,Associate,
wgw,https://scholars.duke.edu/person/wgw,William G. Wilson,Associate Professor Emeritus of Biology,0,,,,emeritus
rwinkler,https://scholars.duke.edu/person/rwinkler,Robert L. Winkler,James B. Duke Distinguished Professor Emeritus of Business Administration,0,,,,emeritus
witelski,https://scholars.duke.edu/person/witelski,Thomas P. Witelski,Professor in the Department of Mathematics,1,Mathematics,Natural Sciences,Full,
woldorff,https://scholars.duke.edu/person/woldorff,Marty G. Woldorff,Professor Emeritus in Psychiatry and Behavioral Sciences,0,,,,emeritus
wolpert,https://scholars.duke.edu/person/wolpert,Robert L. Wolpert,Professor Emeritus of Statistical Science,0,,,,emeritus
d.wong,https://scholars.duke.edu/person/d.wong,David B. Wong,Susan Fox Beischer and George D. Beischer Trinity College Arts and Sciences Distinguished Professor of Philosophy,1,Philosophy,Humanities,Full,
pwood,https://scholars.duke.edu/person/pwood,Peter H. Wood,Professor Emeritus of History,0,,,,emeritus
jcwoods,https://scholars.duke.edu/person/jcwoods,Jennifer Clare Woods,Associate Professor of Classical Studies,1,Classical Studies,Humanities,Associate,
ae.woodsv,https://scholars.duke.edu/person/ae.woodsv,Andrea E. Woods Valdés,Associate Professor of the Practice of Dance,0,,,,professor of the practice
gwray,https://scholars.duke.edu/person/gwray,Gregory Allan Wray,Professor of Biology,1,Biology,Natural Sciences,Full,
justin.wright,https://scholars.duke.edu/person/justin.wright,Justin Prouty Wright,Professor of Biology,1,Biology,Natural Sciences,Full,
wu,https://scholars.duke.edu/person/wu,Ying Wu,Professor of Physics,1,Physics,Natural Sciences,Full,
susan.wynn,https://scholars.duke.edu/person/susan.wynn,Susan Wynn,Associate Professor of the Practice of Education,0,,,,professor of the practice
Pengpeng.Xiao,https://scholars.duke.edu/person/Pengpeng.Xiao,Pengpeng Xiao,Assistant Professor of Economics,1,Economics,Social Sciences,Assistant,
jichun.xie,https://scholars.duke.edu/person/jichun.xie,Jichun Xie,Associate Professor of Biostatistics & Bioinformatics,0,,,,"primary appointment outside Trinity departments, or non-faculty title"
yi.xu,https://scholars.duke.edu/person/yi.xu,Daniel Yi Xu,David Rubenstein Distinguished Professor of Economics,1,Economics,Social Sciences,Full,
pan.xu,https://scholars.duke.edu/person/pan.xu,Pan Xu,Assistant Professor of Biostatistics & Bioinformatics,0,,,,"primary appointment outside Trinity departments, or non-faculty title"
Jia.Yan,https://scholars.duke.edu/person/Jia.Yan,Jia Yan,Lecturer in Chinese Language at Duke Kunshan University,0,,,,lecturer/instructor
junyang,https://scholars.duke.edu/person/junyang,Jun Yang,Knut Schmidt Nielsen Distinguished Professor of Computer Science,1,Computer Science,Natural Sciences,Full,
seojin.yang,https://scholars.duke.edu/person/seojin.yang,Seojin Yang,Instructor in the Department of Asian & Middle Eastern Studies,0,,,,lecturer/instructor
shasha.yang,https://scholars.duke.edu/person/shasha.yang,Shasha Yang,Instructor in the Department of Asian & Middle Eastern Studies,0,,,,lecturer/instructor
weitao.yang,https://scholars.duke.edu/person/weitao.yang,Weitao Yang,Philip Handler Distinguished Professor of Chemistry,1,Chemistry,Natural Sciences,Full,
xiaowei.yang,https://scholars.duke.edu/person/xiaowei.yang,Xiaowei Yang,Professor of Computer Science,1,Computer Science,Natural Sciences,Full,
linlin.yao,https://scholars.duke.edu/person/linlin.yao,Linlin Yao,Lecturer in the Program in Education,0,,,,lecturer/instructor
yao,https://scholars.duke.edu/person/yao,Yuan Yao,"Lecturer, Emeritus in the Department of Asian and Middle Eastern Studies",0,,,,emeritus
aiy,https://scholars.duke.edu/person/aiy,Anatoli I. Yashin,Research Professor in the Social Science Research Institute,0,,,,research faculty
yasuda,https://scholars.duke.edu/person/yasuda,Ryohei Yasuda,Adjunct Assistant Professor in the Department of Neurobiology,0,,,,adjunct
David.Ye,https://scholars.duke.edu/person/David.Ye,David Yungang Ye,Associate Research Professor in the Department of Mathematics,0,,,,research faculty
madi.yerlanov,https://scholars.duke.edu/person/madi.yerlanov,Madi Yerlanov,Phillip Griffiths Assistant Research Professor of Mathematics,0,,,,research faculty
yildirh,https://scholars.duke.edu/person/yildirh,Huseyin Yildirim,Professor of Economics,1,Economics,Social Sciences,Full,
hy43,https://scholars.duke.edu/person/hy43,Henry Yin,Professor of Psychology and Neuroscience,1,Psychology & Neuroscience,Natural Sciences,Full,
anne.yoder,https://scholars.duke.edu/person/anne.yoder,Anne Daphne Yoder,Braxton Craven Distinguished Professor of Evolutionary Biology,1,Biology,Natural Sciences,Full,
ken.yoko,https://scholars.duke.edu/person/ken.yoko,Kenichi Yokoyama,Associate Professor of Biochemistry,0,,,,"primary appointment outside Trinity departments, or non-faculty title"
hareth.yousef,https://scholars.duke.edu/person/hareth.yousef,Hareth Yousef,"Instructor of Art, Art History & Visual Studies",0,,,,lecturer/instructor
marcos.zampieri,https://scholars.duke.edu/person/marcos.zampieri,Marcos Zampieri,Visiting Assistant Professor in the Department of Computer Science,0,,,,visiting
giovanni.zanalda,https://scholars.duke.edu/person/giovanni.zanalda,Giovanni Zanalda,Professor of the Practice in the Social Science Research Institute,0,,,,professor of the practice
zauscher,https://scholars.duke.edu/person/zauscher,Stefan Zauscher,Professor in the Thomas Lord Department of Mechanical Engineering and Materials Science,0,,,,"primary appointment outside Trinity departments, or non-faculty title"
michael.zavlanos,https://scholars.duke.edu/person/michael.zavlanos,Michael Zavlanos,Professor in the Thomas Lord Department of Mechanical Engineering and Materials Science,0,,,,"primary appointment outside Trinity departments, or non-faculty title"
angel.zeininger,https://scholars.duke.edu/person/angel.zeininger,Angel Zeininger,Assistant Research Professor in the Department of Evolutionary Anthropology,0,,,,research faculty
anru.zhang,https://scholars.duke.edu/person/anru.zhang,Anru Zhang,Professor of Biostatistics & Bioinformatics,0,,,,"primary appointment outside Trinity departments, or non-faculty title"
Danfeng.Zhang,https://scholars.duke.edu/person/Danfeng.Zhang,Danfeng Zhang,Cue Family Associate Professor of Computer Science,1,Computer Science,Natural Sciences,Associate,
peng.zhang,https://scholars.duke.edu/person/peng.zhang,Peng Zhang,Associate Research Professor of Chemistry,0,,,,research faculty
Shu.Zhang,https://scholars.duke.edu/person/Shu.Zhang,Shu Zhang,Lecturing Fellow in the Department of Asian & Middle Eastern Studies,0,,,,lecturer/instructor
anqi.zhao,https://scholars.duke.edu/person/anqi.zhao,Anqi Zhao,Assistant Professor of Business Administration,0,,,,"primary appointment outside Trinity departments, or non-faculty title"
Hongkai.Zhao,https://scholars.duke.edu/person/Hongkai.Zhao,Hongkai Zhao,Ruth F. DeVarney Distinguished Professor of Mathematics,1,Mathematics,Natural Sciences,Full,
peizhou,https://scholars.duke.edu/person/peizhou,Pei Zhou,James B. Duke Distinguished Professor of Biochemistry,0,,,,"primary appointment outside Trinity departments, or non-faculty title"
shuyan.zhou,https://scholars.duke.edu/person/shuyan.zhou,Shuyan Zhou,Adjunct Assistant Professor in the Department of Computer Science,0,,,,adjunct
wen.zhou,https://scholars.duke.edu/person/wen.zhou,Wen Zhou,Assistant Professor of Evolutionary Anthropology at Duke Kunshan University,0,,,,"primary appointment outside Trinity departments, or non-faculty title"
xin.zhou,https://scholars.duke.edu/person/xin.zhou,Xin Zhou,Professor Emeritus of Mathematics,0,,,,emeritus
hanye.zhu,https://scholars.duke.edu/person/hanye.zhu,Hanye Zhu,Phillip Griffiths Assistant Research Professor of Mathematics,0,,,,research faculty
danyang.zhuo,https://scholars.duke.edu/person/danyang.zhuo,,,1,Computer Science,Natural Sciences,Assistant,
saskia.ziolkowski,https://scholars.duke.edu/person/saskia.ziolkowski,Saskia Ziolkowski,Associate Professor of Romance Studies,1,Romance Studies,Humanities,Associate,
john.zito,https://scholars.duke.edu/person/john.zito,John Cameron Zito,Assistant Research Professor of Statistical Science,0,,,,research faculty
zucke001,https://scholars.duke.edu/person/zucke001,Nancy Lee Zucker,Professor in Psychiatry and Behavioral Sciences,0,,,,"primary appointment outside Trinity departments, or non-faculty title"
mcw,https://scholars.duke.edu/person/mcw,miriam cooke,Braxton Craven Distinguished Professor Emerita of Arab Cultures,0,,,,emeritus
scott.demarchi,https://scholars.duke.edu/person/scott.demarchi,Scott de Marchi,Professor of Political Science,1,Political Science,Social Sciences,Full,
Asta.Sveinsdottir,https://scholars.duke.edu/person/Asta.Sveinsdottir,Ásta,Professor of Philosophy,1,Philosophy,Humanities,Full,
