slug	name	title
atila.abdulkadiroglu	Atila Abdulkadiroglu	Garonzik Family Distinguished Professor
stanley.abe	Stanley Abe	Professor of Art and Art History
leah.acker	Leah Acker	Associate Professor in Anesthesiology
alison.adcock	Rachel Alison Adcock	Professor of Psychiatry and Behavioral Sciences
olumayowa.adegboyega	Olumayowa Titilope Adegboyega	Assistant Research Professor in the Department of Evolutionary Anthropology
adler	Matthew D. Adler	Richard A. Horvitz Distinguished Professor of Law
aers	David Aers	James B. Duke Distinguished Professor of English
pankaj	Pankaj K. Agarwal	RJR Nabisco Distinguished Professor of Computer Science in Trinity College of Arts and Sciences
monica.agrawal	Monica Agrawal	Assistant Professor of Biostatistics & Bioinformatics
jahern	Jennifer Ahern Dodson	Professor of the Practice of the Writing and Rhetoric Program
aminuddin.ahmad	Amin Ahmad	Lecturing Fellow of English
lamonte.aidoo	Lamonte Aidoo	Associate Professor of Romance Studies
zoila.airall	Zoila Airall	Adjunct Associate Professor of Education
victoria.akin	Victoria S Akin	Associate Professor of the Practice of Mathematics
igor.akushevich	Igor Akushevich	Research Professor in the Social Science Research Institute
hashim.al.hashimi	Hashim Al-Hashimi	Adjunct Professor in the Department of Biochemistry
alberts	Susan C. Alberts	Arts and Sciences Distinguished Professor of Biology
aldrich	John Aldrich	Pfizer, Inc./Edmund T. Pratt, Jr. University Distinguished Professor Emeritus of Political Science
edwin.alfonzo		
wka	William K. Allard	Professor Emeritus of Mathematics
anne.allison	Anne Allison	Professor Emeritus of Cultural Anthropology
attila.ambrus	Attila Ambrus	Professor of Economics
dorsa.amir	Dorsa Amir	Assistant Professor of Psychology and Neuroscience
amy.anderson	Amy Anderson	Associate Professor of the Practice of Education
eileen.anderson	Eileen M Anderson	Lecturing Fellow of Romance Studies
eda	Edna Andrews	Nancy and Jeffrey Marcus Humanities Distinguished Professor of Slavic and Eurasian Studies
adrian.angold	Adrian Christopher Angold	Associate Professor Emeritus of Psychiatry and Behavioral Sciences
allison.anoll	Allison P Anoll	Associate Professor of Political Science
antliff	Mark Antliff	Mary Grace Wilson Distinguished Professor Emeritus of Art, Art History & Visual Studies
james.anton	James J. Anton	Wesley A. Magat Distinguished Professor of Business Administration
canton	Carla M. Antonaccio	Professor Emerita of Classical Studies
flath	Carol Apollonio	Professor of the Practice Emeritus of Slavic and Eurasian Studies
james.applewhite	James W. Applewhite	Professor Emeritus of English
wilkins.aquino	Wilkins Aquino	Professor in the Thomas Lord Department of Mechanical Engineering and Materials Science
atarce	Ayana T. Arce	Associate Professor of Physics
whitney.arey	Whitney Arey	Visiting Assistant Professor in the Department of Cultural Anthropology
dan	Dan Ariely	Professor of Business Administration
alessandro.arlotto	Alessandro Arlotto	Associate Professor of Business Administration
darmaleo	Daniele Armaleo	Associate Professor of the Practice Emeritus of Biology
n.b.armstrong	Nancy Armstrong	Gilbert, Louis, and Edward Lehrman Distinguished Professor Emerita of English
gaurav.arya	Gaurav Arya	Professor in the Thomas Lord Department of Mechanical Engineering and Materials Science
filippo.ascolani	Filippo Ascolani	Assistant Professor of Statistical Science
asher	Steven R. Asher	Professor of Psychology & Neuroscience
askounis	Christina Askounis	Lecturer Emerita of English
Charlotte.Asmuth		
psa	Paul Stephen Aspinwall	Professor of Mathematics
stephanie.vial	Stephanie Vial Aspinwall	Instructor of Music
ola	Owen L. Astrachan	Professor of the Practice of Computer Science
azhar	Salman Azhar	Executive in Residence of Business Administration
bocar.ba	Bocar A Ba	Kathleen Kaylor and G. Richard Wagoner, Jr. Assistant Professor of Economics
leslie.babinski		
leonardo.bacarreza	Leonardo Bacarreza	Lecturing Fellow of Romance Studies
rbach	Rebecca L. Bach	Associate Professor of the Practice Emerita of Sociology
drbadrbadr	Badr Abdelfatta Badr	Lecturing Fellow in the Department of Asian & Middle Eastern Studies
jbagg	Jonathan E. Bagg	Professor of the Practice of Music
christopher.bail	Christopher Andrew Bail	Professor of Sociology
jeffrey.baker	Jeffrey Paul Baker	Professor of Pediatrics
ldbaker	Lee D. Baker	Professor of Cultural Anthropology
pbaker	Paul A. Baker	Professor Emeritus of Earth and Climate Science
Sarah.Baker	Sarah Baker	Assistant Professor of the Practice in Asian and Middle Eastern Studies
Sarah.Balakrishnan	Sarah Balakrishnan	Assistant Professor of History
steven.baldwin	Steven W. Baldwin	Professor Emeritus of Chemistry
eballeis	Edward J. Balleisen	Professor Emeritus of History
bill.bamberger		
banks	David L. Banks	Professor of the Practice Emeritus of Statistical Science
ravi.bansal	Ravi Bansal	J.B. Fuqua Distinguished Professor of Business Administration
rann.baron	Rann Bar-On	Senior Lecturer of Mathematics
dominika.baran	Dominika M Baran	Associate Professor of English
harold.baranger	Harold U. Baranger	Professor Emeritus of Physics
psbarbeau	Phillip S. Barbeau	Professor of Physics
Fadi.Bardawil	Fadi A Bardawil	Associate Professor of Asian and Middle Eastern Studies
nicole.barnes	Nicole Elizabeth Barnes	Associate Professor of History
jason.baron	Jason Baron	Assistant Professor of Economics
juliana.barr	Juliana Barr	Associate Professor of History
alberto		
barthel		
bass	Steffen A. Bass	Arts and Sciences Distinguished Professor of Physics
nima.bassiri	Nima Bassiri	Associate Professor of Literature
ryan.baugh	L. Ryan Baugh	Professor of Biology
patrick.bayer	Patrick Bayer	Gilhuly Family Distinguished Professor in Economics
beale	J. Thomas Beale	Professor Emeritus of Mathematics
kyle.beardsley	Kyle Beardsley	Professor of Political Science
cbecker	Charles Maxwell Becker	Research Professor Emeritus of Economics
Matthew.Becker	Matthew L Becker	Hugo L. Blomquist Distinguished Professor of Chemistry
ott	Sarah Beckwith	Katherine Everett Gilbert Distinguished Professor of English
mattia.begali	Mattia Begali	Assistant Professor of the Practice of Romance Studies
bejsovec	Amy Bejsovec	Associate Professor of Biology
dfbell	David F. Bell	Professor Emeritus of Romance Studies
neal.bell	Neal C. Bell	Mary D.B.T. and James H. Semans Professor of the Practice of Theater Studies
torry.bend	Torry Bend	Professor of the Practice of Theater Studies
paul.bendich	Paul L Bendich	Adjunct Professor of Mathematics
abbas.benmamoun	Abbas Benmamoun	Vice Provost for Faculty Advancement
lori.bennear	Lori Snyder Bennear	Professor of Environmental Economics and Policy
gary.bennett	Gary G. Bennett	Dean of Trinity College of Arts & Sciences
jonathan.bennett	Jonathan R. Bennett	Instructor in the Department of Physics
pablo.beramendi	Pablo Beramendi	Newman Ivey White Distinguished Professor of Political Science
david.beratan	David N. Beratan	R.J. Reynolds Distinguished Professor of Chemistry
sam.berchuck	Samuel Berchuck	Assistant Professor of Biostatistics & Bioinformatics
david.berger	David Berger	Sally Dalton Robinson Professor of Economics
berger	James O. Berger	Arts and Sciences Distinguished Professor Emeritus of Statistics
Richard.Bergl	Richard Bergl	Adjunct Assistant Prof in the Department of Evolutionary Anthropology
paul.berliner	Paul Berliner	Arts and Sciences Distinguished Professor Emeritus of Music
sarah.bermeo	Sarah Blodgett Bermeo	Associate Professor in the Sanford School of Public Policy
emily.bernhardt	Emily S. Bernhardt	James B. Duke Distinguished Professor Emeritus of Biology
jrb12	James R. Bettman	Burlington Industries Distinguished Professor Emeritus of Business Administration
awb	Alan Biermann	Professor Emeritus of Computer Science
Laura.Bilanceri	Laura Bilanceri	Lecturing Fellow of Romance Studies
staci.bilbo	Staci D. Bilbo	Professor of Psychology and Neuroscience
cody.black		
Taylor.Black	Taylor Black	Associate Professor of English
blake	Lewis D. Blake	Associate Professor of the Practice Emeritus of Mathematics
tyler.bletsch		
volker.blum		
blume003	James Alan Blumenthal	J. P. Gibbons Distinguished Professor Emeritus of Psychiatry
jab	John A. Board	Associate Professor Emeritus of Electrical and Computer Engineering
tboat	Mary T. Boatwright	Professor Emerita of Classical Studies
tim.bollerslev	Tim Bollerslev	Juanita and Clifton Kreps Distinguished Professor of Economics, in Trinity College of Arts and Sciences
Yvette.Bonaparte	Yvette Bonaparte	Visiting Associate Professor in Markets & Management Studies
bona	Celia J. Bonaventura	Professor Emeritus
eduardo.bonilla.silva	Eduardo Bonilla-Silva	James B. Duke Distinguished Professor of Sociology
dirk.bonker	Dirk Bonker	Associate Professor of History
melanie.bonner	Melanie Jean Bonner	Professor in Psychiatry and Behavioral Sciences
bookman	Jack Bookman	Professor of the Practice Emeritus of Mathematics
matthew.borths	Matthew Borths	Adjunct Assistant Professor of Evolutionary Anthropology
sharieka.botex	Sharieka Botex	Assistant Professor of the Practice of the Writing and Rhetoric Program
boudreau	Alan E. Boudreau	Professor Emeritus of Geology
MarieNatacha.Boum-Biyong	Marie Natacha Boum-Biyong	Lecturing Fellow of Romance Studies
amal.boumaaza	Amal Boumaaza	Lecturing Fellow in the Department of Asian & Middle Eastern Studies
alika.bourgette	Alika Bourgette	Assistant Professor of History
dore.bowen	Dore Bowen	Research Professor of Art, Art History & Visual Studies
gale.boyd	Gale Boyd	Associate Research Professor Emeritus in the Social Science Research Institute
doug.boyer	Douglas Martin Boyer	Associate Professor of Evolutionary Anthropology
katherine.brading	Katherine A. Brading	Professor of Philosophy
tatiana.brailovskaya	Tatiana I Brailovskaya	William W. Elliott Assistant Research Professor of Mathematics
rbrandon		
cbray	Clark Bray	Associate Professor of the Practice of Mathematics
hubert.bray	Hubert Bray	Professor of Mathematics
john.bray	John Bray	Visiting Associate Professor in the Department of Army ROTC
marc.brettler	Marc Zvi Brettler	Bernice and Morton Lerner Distinguished Professor Emeritus in Judaic Studies
richard.brodhead	Richard Brodhead	William Preston Few Distinguished Professor Emeritus
tdb	Thomas Brothers	Professor of Music
sbrover	Sherryl A. Broverman	Professor of the Practice of Biology
anthony.brown	Anthony S. Brown	Professor of the Practice Emeritus in the Sanford School of Public Policy
jbrown	John V. Brown Jr.	Professor of the Practice of Music
Kenneth.Brown	Kenneth R Brown	Michael J. Fitzpatrick Distinguished Professor of Engineering
rgb	Robert Brown	Senior Lecturer of Physics
tyson.brown1	Tyson Brown	Professor of Sociology
kelly.brownell	Kelly D. Brownell	Robert L. Flowers Distinguished Professor Emeritus of Public Policy
Nicolas.Brunel	Nicolas Brunel	Adjunct Professor of Neurobiology
c.bruzelius	Caroline Bruzelius	Anne Murnick Cogan Distinguished Professor Emerita of Art and Art History
bryant	Robert Bryant	Phillip Griffiths Distinguished Professor of Mathematics
allenb	Allen Edward Buchanan	James B. Duke Distinguished Professor Emeritus of Philosophy
dorothy.buck	Dorothy Buck	Research Professor of Mathematics
floyd.bullard	Floyd Bullard	Instructor in the Department of Mathematics
pburian	Peter H. Burian	Professor Emeritus of Classical Studies
laurel.burkbauer	Laurel Burkbauer	Instructor of the Writing and Rhetoric Program
eb	Edwin Burmeister	Research Professor Emeritus of Economics
lisa.burn	Lisa Burn	Instructor of Music
craig.burnside	A. Craig Burnside	Mary Grace Wilson Distinguished Professor
ingrid	Ingrid Bianca Byerly	Senior Lecturing Fellow of the Writing and Rhetoric Program
Anna.Bykhovskaya	Anna Bykhovskaya	Assistant Professor of Economics
laurasbyrneharpist	Laura Byrne	Instructor of Music
cabeza	Roberto Cabeza	Haley Family Professor of Psychology and Neuroscience
john.caccavale		
nicolette.cagle	Nicolette Cagle	Senior Lecturer in the Division of Environmental Social Systems
robert.calderbank	Robert Calderbank	Charles S. Sydnor Distinguished Professor of Computer Science
bruce.caldwell	Bruce J. Caldwell	Research Professor Emeritus of Economics
lisa.cameron	Lisa Cameron	Associate Research Professor in the Department of Biology
tracie.canada	Tracie Canada	Assistant Professor of Cultural Anthropology
dorian.canelas	Dorian Canelas	Associate Professor of the Practice of Chemistry
rosalinda.canizares	Rosalinda Cacha Canizares	Instructor, MC in the Department of Orthopaedic Surgery
r.caputo	Rene Caputo	Instructor in the Fuqua School of Business
lcarin	Lawrence Carin	Professor Emeritus of Electrical and Computer Engineering
david.carlson	David Carlson	Yoh Family Associate Professor of Civil and Environmental Engineering
karen.appleyard	Karen Appleyard Carmody	Professor of Psychiatry and Behavioral Sciences
larissa.carneiro	Larissa Soares Carneiro	Lecturing Fellow of Religious Studies
nicholas.carnes	Nicholas W. Carnes	Z. Smith Reynolds Distinguished Professor of Public Policy Studies
morgan.carney	Morgan Carney	Instructor in the Program in Education
Arnaldo.Carreira_Rosario	Arnaldo Carreira-Rosario	Assistant Professor of Biology
matt.cartmill	Matt Cartmill	Professor Emeritus of Evolutionary Anthropology
rec3	Rebecca Cary	Instructor B in the Department of Biology
laura.casa	Laura Casa	Senior Lecturer of Romance Studies
kevin.casey	Kevin Ryan Casey	Lecturing Fellow of the Writing and Rhetoric Program
c.casias	Cassandra Casias	Assistant Professor of Classical Studies
Franklin.Cason	Franklin Cason Jr.	Assistant Professor of the Practice of Art, Art History & Visual Studies
avshalom.caspi	Avshalom Caspi	Edward M. Arnett Distinguished Professor of Psychology and Neuroscience
Laura.Castillo-Martinez	Laura Castillo Martinez	Assistant Professor of Economics
susanna.caviglia	Susanna Caviglia	Adjunct Associate Professor of Art, Art History & Visual Studies
Marko.Cetina	Marko Cetina	Assistant Professor of Physics
mine		
william.chafe	William H. Chafe	Alice Mary Baldwin Distinguished Professor Emeritus of History
della.chambless	Della Chambless	Lecturing Fellow of Romance Studies
cliburn.chan	Chi Wei Cliburn Chan	Professor of Biostatistics & Bioinformatics
sch	Shailesh Chandrasekharan	Professor of Physics
ajbc	Allison Chaney	Adjunct Professor of Business Administration
albert.chang	Albert M. Chang	Professor of Physics
Jennifer.Chang	Jennifer Chang	Instructor of Music
james.chappel	James Gregory Chappel	Associate Professor of History
patrick.charbonneau	Patrick Charbonneau	Professor of Physics
tanya.chartrand	Tanya L. Chartrand	Roy J. Bostock Marketing Distinguished Professor
chase	Jeffrey S. Chase	Professor of Computer Science
mac58		
cheikh_saadbouh.cheikh_abdi_vall	Cheikh Saadbouh Cheikh Abdi Vall	Lecturing Fellow in the Department of Asian & Middle Eastern Studies
Boyuan.Chen		
Tingjun.Chen	Tingjun Chen	Nortel Networks Assistant Professor of Electrical and Computer Engineering
yiran.chen	Yiran Chen	John Cocke Distinguished Professor
Yunchuan.Chen	Yunchuan Chen	Associate Professor of the Practice of Asian and Middle Eastern Studies
tony.cheng		
Xiuyuan.Cheng	Xiuyuan Cheng	Professor of Mathematics
aria.chernik	Aria Chernik	Associate Professor of the Practice in the Social Science Research Institute
Calvin.Cheung-Miaw	Calvin Ryan Cheung-Miaw	Cordelia and William Laverack Family Assistant Professor of History
ashutosh.chilkoti	Ashutosh Chilkoti	Alan L. Kaganov Distinguished Professor of Biomedical Engineering
lching	Leo Ching	Professor of Asian and Middle Eastern Studies
germain.choffart	Germain Choffart	Lecturing Fellow of Romance Studies
ya-chuan.chou	Ya-Chuan Chou	Lecturing Fellow in the Department of Asian & Middle Eastern Studies
eileen.chow	Eileen Chengyin Chow	Associate Professor of the Practice of Asian and Middle Eastern Studies
rey.chow	Rey Chow	Andrew W. Mellon Distinguished Professor in the Humanities
normc	Norman L. Christensen	Professor Emeritus in the Division of Environmental Natural Sciences
churchy	Steven E. Churchill	Professor in the Department of Evolutionary Anthropology
veronica.ciocanel	Maria-Veronica Ciocanel	Assistant Professor of Mathematics
jimclark	James S. Clark	Nicholas Distinguished Professor of Environmental Science
gail.clements	Gaillynn Clements	Lecturing Fellow in the Department of Linguistics
kaley.clements	Kaley Clements	Assistant Professor of Media and Arts at Duke Kunshan University
jcliffor	Joan Clifford	Associate Professor of the Practice of Romance Studies
charles.clotfelter	Charles T. Clotfelter	Z. Smith Reynolds Distinguished Professor Emeritus of Public Policy Studies
Kristin.CLOTFELTER	Kristin Clotfelter	Instructor in the Dance Program
jclum1941	John M. Clum	Professor Emeritus of Theater Studies
catherine.taylor	Catherine Clune-Taylor	Assistant Professor of Gender, Sexuality & Feminist Studies
clyde	Merlise Clyde	Professor of Statistical Science
andrew.coates		
jasmine.cobb		
gregory.cogan	Gregory Cogan	Associate Professor in Neurology
bec2	Brian Edward Coggins	Assistant Research Professor of Biochemistry
wesley.cohen	Wesley M. Cohen	Snow Family Distinguished Professor
john.coie	John D. Coie	Professor Emeritus of Psychology: Social and Health Sciences
lisa.andres	Lisa Andres Cole	Lecturing Fellow of the Writing and Rhetoric Program
coleman	Wilbur John Coleman	Professor of Business Administration
allan.collard.wexler	Allan Collard-Wexler	Professor of Economics
steven.columbaro	Steven A Columbaro	Instructor of Economics
comerd	Denise K. Comer	Professor of the Practice of the Writing and Rhetoric Program
vincent.conitzer	Vincent Conitzer	Adjunct Professor in the Department of Computer Science
connolly	Michelle P. Connolly	Professor of the Practice of Economics
rconrad	Robert F. Conrad	Associate Professor Emeritus of Public Policy
hannah.conway	Hannah Conway	Assistant Professor of History
nicholas.cook	Nicholas A Cook	Assistant Professor of Mathematics
pcook	Philip J. Cook	ITT/Terry Sanford Distinguished Professor Emeritus of Public Policy Studies
cooperh	Harris M. Cooper	Hugo L. Blomquist Distinguished Professor Emeritus of Psychology and Neuroscience
CARLA.COPELAND-BURNS	Carla Copeland-Burns	Instructor of Music
Jessica.Corey		
bruce.corliss	Bruce Corliss	Professor Emeritus
costanzo	Philip R. Costanzo	Professor Emeritus of Psychology and Neuroscience
jcostell	Elizabeth Jane Costello	Professor Emerita in Psychiatry and Behavioral Sciences
charlie.cox	Charlie T. Cox	Associate Professor of the Practice of Chemistry
maureen.craig	Maureen Alyson Craig	Associate Professor of Psychology and Neuroscience
stephen.craig	Stephen L Craig	William T. Miller Distinguished Professor of Chemistry
rex.crews	Rex Crews	Lecturing Fellow in the Department of Classical Studies
michaeline.crichlow	Michaeline A. Crichlow	Professor in the Department of African and African American Studies
suzanne.crifo	Suzanne Crifo	Assistant Professor of the Practice of Mathematics
alvin.crumbliss	Alvin L. Crumbliss	University Distinguished Service Professor Emeritus
emily.cuddy	Emily A Cuddy	Assistant Professor of Economics
jonathon.cummings	Jonathon Cummings	Professor of Business Administration
cliff	Clifford W. Cunningham	Professor of Biology
curry005	John F. Curry	Professor Emeritus of Psychiatry and Behavioral Sciences
stefano.curtarolo	Stefano Curtarolo	Edmund T. Pratt Jr. School Distinguished Professor of Mechanical Engineering and Materials Science
jennifer.curtis2	Jennifer Curtis	Instructor of Music
Mike.D'Alessandro	Michael F D'Alessandro	Associate Professor of English
shani.b	Shaundra Daily	Cue Family Professor of the Practice
dainotto	Roberto Maria Dainotto	William Hane Wannamaker Professor of Literature
kisha.daniels	Kisha N Daniels	Assistant Professor of the Practice of Education
william.darity	William A. Darity Jr.	Samuel DuBois Cook Distinguished Professor Emeritus of Public Policy
samit.dasgupta	Samit Dasgupta	James B. Duke Distinguished Professor of Mathematics
ingrid.daubechies	Ingrid Daubechies	James B. Duke Distinguished Professor Emeritus of Mathematics
cathy.davidson	Cathy N. Davidson	Ruth F. DeVarney Distinguished Professor Emerita of Interdisciplinary Studies
hdavid	Harry L. Davidson Jr.	Professor of the Practice of Music
Hannah.Davis	Hannah Davis	Senior Lecturer of the Writing and Rhetoric Program
gdav	N. Gregson Davis	Andrew W. Mellon Distinguished Research Professor Emeritus of Humanities
simon.davis	Simon Wilton Davis	Adjunct Associate Professor in the Department of Neurology
geraldine.dawson	Geraldine Dawson	William Cleland Distinguished Professor
ruthday	Ruth S. Day	Associate Professor of Psychology and Neuroscience
felipe.debrigard	Felipe De Brigard	Professor of Philosophy
jeffrey.desimone	Jeffrey DeSimone	Professor of the Practice of Economics
a.dean	Allison Dean	Instructor of Cinematic Arts
cesar.delcastillovega	Cesar Del Castillo	Instructor in the Department of Romance Studies
olivier.delaire	Olivier Delaire	Associate Professor of the Thomas Lord Department of Mechanical Engineering and Materials Science
emily.derbyshire	Emily R. Derbyshire	Pelham Wilder Distinguished Professor of Chemistry
sarah.deutsch	Sarah Jane Deutsch	Professor Emerita of History
bhuwan.dhingra	Bhuwan Dhingra	Assistant Professor of Computer Science
bhdic	Barbara Dickinson	Professor of the Practice Emerita of Dance
ldigby	Leslie J. Digby	Associate Professor of the Practice of Evolutionary Anthropology
jens.dilling	Jens Dilling	Research Professor in the Department of Physics
sheila.dillon	Sheila Dillon	Anne Murnick Cogan Distinguished Professor of Art and Art History
Michael.Dimpfl	Michael Daniel Dimpfl	Lecturing Fellow of the Writing and Rhetoric Program
michael.dinerstein	Michael F Dinerstein	Associate Professor of Economics
aaron.dinin	Aaron P Dinin	Senior Lecturing Fellow in Innovation & Entrepreneurship
eric.disbro	Eric Disbro	Assistant Professor of Romance Studies
rafael.dix.carneiro	Rafael Dix-Carneiro	Professor of Economics
james.dobbins	James T. Dobbins III	Professor Emeritus in Radiology
dodge	Kenneth A. Dodge	William McDougall Distinguished Professor of Public Policy Studies
john.dolbow	John Everett Dolbow	Fitzgerald S. Hudson Distinguished Professor of Mechanical Engineering and Materials Science
michael.domeracki	Michael Stefan Domeracki	Director of Constellations and Adjunct Instructor in Religious Studies
joseph.donahue	Joseph Donahue	Professor of the Practice of English
bruce.donald		
conghan.dong	Conghan Dong	William W. Elliott Assistant Research Professor of Mathematics
xinyu.dong	Cynthia Dong	Visiting Assistant Professor in English
Ke.Dong	Ke Dong	Professor in Biology
xdong	Xinnian Dong	Arts and Sciences Distinguished Professor of Biology
k.donohue	Kathleen Donohue	Professor of Biology
Caitlin.Donovan	Caitlin M Donovan	Instructional Staff in the Master of Arts in Teaching Program
Ryan.Donovan	Ryan M Donovan	Assistant Professor of Theater Studies
phyllis.dooney	Phyllis B Dooney	Instructor in the Department of Masters of Fine Arts in Experimental and Documentary Arts
adorfman	Ariel Dorfman	Walter Hines Page Distinguished Research Professor Emeritus of Literature
mdorranc	M Dorrance	Associate Professor of the Practice Emeritus of Dance
shannon.dougherty	Shannon Dougherty	Instructor B in the Department of Biology
patrick.douthit	Patrick Douthit	Lecturing Fellow in the Department of African & African American Studies
sara.doyle	Sara Doyle	Instructor, Medical Center in the Department of Orthopaedic Surgery
cdrea	Christine M. Drea	Professor in the Department of Evolutionary Anthropology
bastiaan.driehuys	Bastiaan Driehuys	Professor of Radiology
kate.driscoll	Kate Driscoll	Andrew W. Mellon Assistant Professor of Romance Studies
prasenjit.duara	Prasenjit Duara	Oscar L. Tang Family Distinguished Professor Emeritus of East Asian Studies
patrick.duddy	Patrick Duddy	Senior Lecturing Fellow in the Fuqua School of Business
naomi.duke	Naomi Nichele Duke	Associate Professor of Pediatrics
kt.duncan	Kristin Danielle-Taylor Duncan	Instructor in the Dance Program
alexander.dunlap	Alexander J Dunlap	Assistant Professor of Mathematics
opera	Susan R. Dunn	Professor of the Practice Emerita of Music
meagan.dunphy-daly	Meagan Mna Dunphy-Daly	Assistant Professor of the Practice in Experiential Education in the Division of Marine Science and Conservation
dunson	David B. Dunson	Arts and Sciences Distinguished Professor of Statistical Science
matthew.dupre	Matthew E. Dupre	Professor in Population Health Sciences
rtd	Richard Timothy Durrett	James B. Duke Distinguished Professor Emeritus of Mathematics
rcd	Robert C. Duvall	Senior Lecturer Emeritus of Computer Science
david.eagle		
emily.edwards	Emily Edwards	Associate Research Professor in the Department of Electrical and Computer Engineering
gedwards	Glenn S. Edwards	Professor Emeritus of Physics
helen.egger	Helen Link Egger	Adjunct Professor in the Department of Psychiatry and Behavioral Sciences
tobias.egner	Tobias Egner	Professor of Psychology and Neuroscience
erin.ehmke	Erin Ehmke	Adjunct Assistant Professor of Evolutionary Anthropology
miriam.ehrensaft	Miriam K Ehrensaft	Medical Associate Professor in the Department of Psychiatry and Behavioral Sciences
martin.eisner	Martin Eisner	William Hane Wannamaker Professor of Romance Studies
ethan.eldred	Ethan Baird Eldred	Lecturing Fellow in the Department of Theater Studies
Tarek.Elgindi	Tarek M Elgindi	Professor of Mathematics
pardis.emami_naeini	Pardis Emami-Naeini	Assistant Professor of Computer Science
sheryl.emch	Sheryl Welte Emch	Lecturing Fellow of the Writing and Rhetoric Program
hendo	Hitomi Endo	Associate Professor of the Practice Emerita of Asian and Middle Eastern Studies
stefani.engelstein	Stefani Engelstein	Professor of German Studies
penglish	Peter C. English	Professor Emeritus of History
Sophia.Enriquez	Sophia Enriquez	Assistant Professor of Music
cerick	Carl J. Erickson	Professor Emeritus of Psychological and Brain Sciences
Nicholas.Eubank		
barohny.eun	Barohny Eun	Lecturing Fellow in the Department of Asian & Middle Eastern Studies
Benjamin.Eva		
katarina.evans	Katarina Danielle Evans	Assistant Research Professor in the Department of Evolutionary Anthropology
heveritt	Henry Everitt	Adjunct Professor in the Department of Physics
katryn.evinson	Katryn Evinson	Assistant Professor of Romance Studies
jewald	Janet J. Ewald	Associate Professor Emerita of History
katherine.ewing		
rebecca.ewing	Rebecca A Ewing	Lecturing Fellow of Romance Studies
brandon.fain	Brandon Fain	Cue Family Associate Professor of the Practice of Computer Science
john.fairbank	John A. Fairbank	Professor Emeritus in Psychiatry and Behavioral Sciences
susan.fancher		
di.fang	Di Fang	Assistant Professor of Mathematics
farahany	Nita A. Farahany	Robinson O. Everett Distinguished Professor of Law
sina.farsiu	Sina Farsiu	Anderson-Rupp Professor of Biomedical Engineering
pfeaver	Peter D. Feaver	Professor of Political Science
maria.febbo	Maria Febbo	Senior Lecturer of Sociology
Thomas.Federle	Ted Federle	Instructor of Music
fellin	Luciana Fellin	Professor of the Practice of Romance Studies
mtf	Michael T. Ferejohn	Professor Emeritus of Philosophy
lee.ferguson	P. Lee Ferguson	Professor of Civil and Environmental Engineering
ana.fernandez	Ana Fernandez	Lecturing Fellow of Romance Studies
bfv67	Bethzaida Fernandez	Senior Lecturer of Romance Studies
ferraro	Thomas J. Ferraro	Professor of English
bill.fick	William Fick	Lecturing Fellow of Art, Art History & Visual Studies
field.erica	Erica Field	James B. Duke Distinguished Professor of Economics
stefano.filipazzi	Stefano Filipazzi	Assistant Professor of Mathematics
gleb.finkelstein	Gleb Finkelstein	Professor of Physics
vfinucci	Valeria Finucci	Professor Emerita of Romance Studies
gregory.fischer	Gregory W. Fischer	Professor Emeritus of Business Administration
martin.fischer	Martin Fischer	Adjunct Professor in the Department of Chemistry
pfish	Peter G. Fish	Professor Emeritus of Political Science and Law
Alexander.Fisher	Alexander Fisher	Assistant Professor of the Practice of Statistical Science
kinsey.fisher	Kinsey Fisher	Instructor B in the Department of Biology
michael.c.fitzgerald	Michael C. Fitzgerald	Professor of Chemistry
brian.d.fitzpatrick	Brian Fitzpatrick	Senior Lecturer of Mathematics
fitzpat	David Fitzpatrick	James B. Duke Distinguished Professor Emeritus of Medicine
gavan	Gavan J. Fitzsimons	Edward and Rose Donnell Distinguished Professor
grainne.fitzsimons	Gráinne Fitzsimons	George C. Lamb, Jr. University Distinguished Professor
fjeld	Jon Fjeld	Professor of the Practice Emeritus of Business Administration
jennifer.flaherty	Jennifer Flaherty	Assistant Professor of Slavic & Eurasian Studies
ojf	Owen Flanagan Jr.	James B. Duke Distinguished Professor Emeritus of Philosophy
laura.florand	Laura Florand	Senior Lecturer of Romance Studies
christine.folch	Christine Folch	Bacca Foundation Associate Professor of Cultural Anthropology
john.forlines	John A Forlines III	Lecturing Fellow of Economics
maurizio.forte	Maurizio Forte	Bass Fellow
rforward	Richard B. Forward	Professor Emeritus of Zoology
eric.fouhmbindi	Eric Noel Fouh Mbindi	Assistant Professor of the Practice of Computer Science
ffox	C Faulkner Fox	Lecturing Fellow of English
michael.frakes	Michael D Frakes	A. Kenneth Pye Distinguished Professor of Law
aaron.franklin	Aaron D. Franklin	Edmund T. Pratt, Jr. Distinguished Professor of Electrical and Computer Engineering
katherine.franz	Katherine J. Franz	James B. Duke Distinguished Professor of Chemistry
jdfrench	John D. French	Professor of History
adriane.fresh	Adriane Stewart Fresh	Assistant Research Professor in the Social Science Research Institute
a.friedman	Allan Friedman	Lecturing Fellow of Music
jiawei.fu	Jiawei Fu	Assistant Professor of Political Science
mfulk	Mary Fulkerson	Professor Emerita of Theology
cfullenk	Connel Fullenkamp	W.R. Huff Professor of the Practice of Economics
colin.fullerton	Colin Fullerton	Instructor of Music
gpf	Gustavo PT Furtado	Associate Professor of Romance Studies
egabara	Esther Gabara	Professor of Romance Studies
jmgaines	Jane M. Gaines	Professor Emeritus of Literature
sarah.gaither	Sarah Elizabeth Gaither	Nicholas J. and Theresa M. Leonardy Associate Professor
jason.gaitonde	Jason Gaitonde	Assistant Professor of Business Administration
sara.galletti	Sara Galletti	Associate Professor in the Department of Art, Art History & Visual Studies
bagao	Bai Gao	Professor of Sociology
haiyan.gao	Haiyan Gao	Robert C. Richardson Distinguished Professor of Physics
f.garfias	Francisco Garfias	Associate Professor of Political Science
anne.garreta	Anne Garreta	Research Professor of Literature
dgaspar	Barry Gaspar	Professor of History
agassman.pines	Anna Gassman-Pines	Professor in the Sanford School of Public Policy
rongge	Rong Ge	Professor of Computer Science
michael.gehm	Michael E. Gehm	Professor of Electrical and Computer Engineering
alan	Alan E. Gelfand	James B. Duke Distinguished Professor Emeritus of Statistical Science
rachel.gelfand	Rachel Gelfand	Instructor in the Department of Gender, Sexuality & Feminist Studies
kata.gellen	Kata Gellen	Associate Professor of German Studies
linda.george	Linda K. George	Arts and Sciences Distinguished Professor Emeritus
clara.gerdes	Clara Gerdes	Instructor of Music
ggere		
jaycegetz	Jayce Robert Getz	Professor of Mathematics
gheith	Jehanne Gheith	Associate Professor Emeritus of Slavic and Eurasian Studies
arkadev.ghosh	Arkadev Ghosh	Assistant Professor of Economics
Jean.Gibert	Jean Philippe Gibert	Joanne W. Markman and A. Morris Williams, Jr. Associate Professor of Biology
joshigi	Joshua Gibson	Associate Professor of the Practice in the Department of Art, Art History & Visual Studies
cgibson	Christina M. Gibson-Davis	Professor in the Sanford School of Public Policy
Roseen.Giles	Roseen Giles	Mrs. Alexander Hehmeyer Associate Professor of Music
mgillesp	Michael A. Gillespie	Professor of Political Science
bgilliam	Bryan Gilliam	Professor Emeritus of Music
jimmygilmore	Jimmy Gilmore	Instructor of Music
lauren.d.ginsberg	Lauren Ginsberg	Kiser Family Associate Professor of Classical Studies
shai.ginsburg	Shai Ginsburg	Associate Professor in the Department of Asian and Middle Eastern Studies
astrid.giugni	Astrid Adele Giugni	Lecturing Fellow in the Social Science Research Institute
glander	Kenneth Earl Glander	Professor Emeritus of Evolutionary Anthropology
Glymph	Thavolia Glymph	Peabody Family Distinguished Professor of History
Robert.Gobert	R. Darren Gobert	Professor of Theater Studies
deborah.gold	Deborah T. Gold	Professor Emeritus in Psychiatry and Behavioral Sciences
david.goldston	David Brian Goldston	Professor in Psychiatry and Behavioral Sciences
brian.goldstone	Brian Goldstone	Visiting Scholar in the Department of Cultural Anthropology
molly.goldwasser	Molly Goldwasser	Associate Vice Provost for Academic Affairs
Zhenqiang.Gong	Neil Gong	Associate Professor of Electrical and Computer Engineering
christelle.gonthier	Christelle M Gonthier	Lecturing Fellow of Romance Studies
alessandra.gonzalez	Alessandra Lucia Gonzalez	Assistant Research Professor of Economics
jose.gonzalez	José M. González	Associate Professor of Classical Studies
goodacre	Mark S. Goodacre	Professor in the Department of Religious Studies
frederick.gooding	Frederick Gooding	Visiting Associate Professor in the Department of African & African American Studies
ggopen	George D. Gopen	Professor of the Practice Emeritus of English
raluca.gordan	Raluca Mihaela Gordan	Adjunct Associate Professor in the Department of Biostatistics & Bioinformatics
maria.gorlatova	Maria Gorlatova	Sternberg Family Associate Professor of Electrical and Computer Engineering
goshaw	Alfred T. Goshaw	James B. Duke Distinguished Professor Emeritus of Physics
kgoss		
vincent.goverse	Vincent Goverse	William W. Elliott Assistant Research Professor of Mathematics
grabow	Henry G. Grabowski	Professor Emeritus of Economics
daniel.graham	Daniel A. Graham	Professor Emeritus of Economics
calvin.grant	Calvin Grant	Instructor in the Department of Chemistry
grant	Ruth W. Grant	Professor Emerita of Political Science
briana.green	Briana P Green	Instructor in the Program in Education
jonathan.green	Jon Green	Assistant Professor of Political Science
susie	Susan Greenberg	Instructor of Music
hsg	Henry Greenside	Professor Emeritus of Physics
mgreer	Margaret Rich Greer	Professor Emeritus of Romance Studies
andrew.griebeler	Andrew Griebeler	Assistant Professor of Art, Art History & Visual Studies
grieco	Joseph Grieco	Professor Emeritus of Political Science
aaron.l.griffith	Aaron Lawson Griffith	Assistant Professor of American Church History
alissa.griffith	Alissa Griffith	Instructional Staff of Education
cgrimes	Christina Grimes	Assistant Professor of the Practice Emerita of Psychology and Neuroscience
emma.grisham	Emma Grisham	Instructional Staff in the Department of Psychology & Neuroscience
JP.Gritton	JP Gritton	Assistant Professor of the Practice of English
jennifer.m.groh	Jennifer M. Groh	Professor of Psychology and Neuroscience
elizabeth.grosz	Elizabeth Grosz	Jean Fox O'Barr Women's Studies Distinguished Professor Emerita
ron.grunwald	Ron Grunwald	Senior Lecturer Emeritus of Biology
jingqiu.guan	Jingqiu Guan	Associate Professor of the Practice of Dance
Elaine.Guevara	Elaine Elizabeth Gomez Guevara	Lecturer of Evolutionary Anthropology
jiali.guo	Jiali Guo	Instructor in the Department of Asian & Middle Eastern Studies
tong.guo	Tong Guo	Associate Professor of Business Administration
yingni.guo	Yingni Guo	Associate Professor of Economics
katie.gustafson	Kathryn E. Gustafson	Professor in Psychiatry and Behavioral Sciences
maria.d.gutierrez	Mar Gutierrez	Lecturing Fellow of Romance Studies
goknar	Erdag Göknar	Associate Professor in the Department of Asian and Middle Eastern Studies
polly.ha	Polly R. Ha	Associate Professor of the History of Christianity
kathryn.haas	Kathryn Haas	Associate Professor of the Practice of Chemistry
steve.haase	Steven B. Haase	Professor of Biology
mhacohen	Malachi H. Hacohen	Professor of History
markos.hadjioannou	Markos Hadjioannou	Associate Professor of Literature
susanne.haga	Susanne B Haga	Professor in Medicine
alison.hagy	Alison Hagy	Lecturing Fellow in Economics
heekyoung.hahn	Heekyoung Hahn	Research Professor of Mathematics
hain	Richard Hain	Professor Emeritus of Mathematics
alhall		
wghall	Warren Grimes Hall	Anne W. Deane Distinguished Professor Emeritus of Comparative Neurobiology
wch	William Charles Hall	Professor Emeritus of Neurobiology
jenifer.hamil.luker	Jenifer Hamil Luker	Associate Professor of the Practice of Sociology
jean.hamilton	Jean Hamilton	Professor Emeritus of Psychology and Neuroscience
mark.hansen	Mark B.N. Hansen	James B. Duke Distinguished Professor of Literature
Sara.Haravifard	Sara Haravifard	William M. Fairbank Associate Professor of Physics
bridgette.hard		
hardt	Michael Hardt	Professor of Literature
b.hare	Brian Hare	Professor of Evolutionary Anthropology
john.harer	John Harer	Professor Emeritus of Mathematics
ahmad.hariri	Ahmad Hariri	Professor of Psychology and Neuroscience
Ashley_Harrell	Ashley Lauren Harrell King	Assistant Professor of Sociology
alex.harris	Alex Harris	Professor of the Practice Emeritus of Public Policy
angel.harris	Angel Luis Harris	Professor in the Department of Sociology
Iyun.Harrison	Iyun Ashani Harrison	Associate Professor of the Practice of Dance
harshbarger	Todd B Harshbarger	Assistant Professor in Radiology
khart	Kevin Hart	Jo Rae Wright University Distinguished Professor
amink	Alexander J. Hartemink	Professor of Computer Science
sharique.hasan	Sharique Hasan	Professor of Business Administration
Mark.Haskins	Mark Haskins	Professor of Mathematics
mona.hassan	Mona Hassan	Associate Professor of Religious Studies
kimberly.hassel	Kimberly Hassel	Andrew W. Mellon Assistant Professor of Asian and Middle Eastern Studies
frances.hasso	Frances S. Hasso	Professor of Gender, Sexuality & Feminist Studies
stanley.hauerwas	Stanley M. Hauerwas	Gilbert T. Rowe Distinguished Professor Emeritus of the Divinity School
elizabeth.hauser	Elizabeth Rebecca Hauser	Professor of Biostatistics & Bioinformatics
hannah.haverkamp	Hannah Juliet Haverkamp	Lecturing Fellow of Theater Studies
james.haverkamp	James Haverkamp	Lecturing Fellow of Cinematic Arts
didem.havli	Didem Z Havlioglu	Associate Professor of the Practice of Asian and Middle Eastern Studies
gary.hawkins	Gary Hawkins	Lecturing Fellow of Art, Art History & Visual Studies
jen.hawkins	Jennifer Hawkins	Associate Research Professor of Philosophy
Stephen.Hayes	Stephen Hayes	Esbenshade Assistant Professor of the Practice of Art, Art History and Visual Studies
katherine.hayles	N. Katherine Hayles	James B. Duke Distinguished Professor Emerita of Literature
klhaynie	Kerry L. Haynie	Professor of Political Science
qing.he	Qing He	Phillip Griffiths Assistant Research Professor of Mathematics
sheng-yang.he	Sheng-Yang He	Benjamin E. Powell Distinguished Professor of Biology
tianshu.he	Tianshu He	Senior Lecturer of Asian and Middle Eastern Studies
kieran.healy	Kieran Healy	Professor of Sociology
dheid	David Heid	Lecturing Fellow of Music
timothy.heimlich	Timothy Heimlich	Assistant Professor of English
archelle	Ellen Hemphill	Professor of the Practice Emerita of Theater Studies
april.henry	April Lynn Henry	Lecturer of German Studies
Evan.Hepler-Smith	Evan Hepler-Smith	Assistant Professor of History
douglas.herbert	Douglas Herbert	Lecturing Fellow of Cinematic Arts
Amy.Herring	Amy H Herring	Sara and Charles Ayres Distinguished Professor
gjh	Gregory Joseph Herschlag	Associate Research Professor of Mathematics
daniel.herskowitz	Daniel M Herskowitz	Smart Family Associate Professor in Judaic Studies
alison.hill	Alison Hill	Senior Lecturer of Biology
hillygus	D. Sunshine Hillygus	Professor of Political Science
adhilton	Andrew Douglas Hilton	Professor of the Practice in the Department of Electrical and Computer Engineering
engseng.ho	Engseng Ho	Professor of Cultural Anthropology
zachary.hobin	Zachary Hobin	Instructor of Music
ashley.hobson	Ashley Elizabeth Hobson	Lecturing Fellow of Romance Studies
pdhoff	Peter David Hoff	James B. Duke Distinguished Professor of Statistical Science
kelly.hogan	Kelly Hogan	Professor of the Practice of Biology
wesley.hogan		
benjamin.hojem	Benjamin Hojem	Lecturer of the Writing and Rhetoric Program
James.Holaday	James Holaday	Instructor of the Writing and Rhetoric Program
karla.holloway	Karla Holloway	James B. Duke Distinguished Professor Emerita of English
megan.holmes	Megan Anne Holmes	Assistant Professor in Family Medicine and Community Health
beth.holmgren	Beth Holmgren	Professor Emerita of Slavic and Eurasian Studies
gjhong	Guo-Juin Hong	Associate Professor of Asian and Middle Eastern Studies
jiyong.hong	Jiyong Hong	Professor of Chemistry
kd.hoover	Kevin Douglas Hoover	Professor of Economics
dhorowitz	Donald L. Horowitz	James B. Duke Distinguished Professor Emeritus of Law and Political Science
roarke.w.horstmeyer	Roarke Horstmeyer	Associate Professor of Biomedical Engineering
farid.hj	Farid Hosseinijafari	Phillip Griffiths Assistant Research Professor of Mathematics
hotz	V. Joseph Hotz	Arts and Sciences Distinguished Professor Emeritus of Economics
maha.houssami	Maha Houssami	Senior Lecturer of Arabic Language in Asian and Middle Eastern Studies
mary.hovsepian	Mary Hovsepian	Senior Lecturer of Sociology
avero.howard	Avero L Howard	Visiting Instructor in the Department of Army ROTC
howell	Calvin R. Howell	Professor of Physics
emma.monroy	Emma Howell	Lecturing Fellow of Romance Studies
rhoyle	Rick Hoyle	Professor of Psychology and Neuroscience
cjhsieh	Chi -Ju Hsieh	Lecturing Fellow in the Department of Asian & Middle Eastern Studies
david.a.hsieh	David A. Hsieh	Bank of America Distinguished Professor of Business Administration
scott.huettel	Scott Huettel	Professor in the Department of Psychology and Neuroscience
linsey.lebowitz.hughes	Linsey Hughes	Lecturing Fellow of Economics
meh	Margaret Ellen Humphreys	Josiah Charles Trent Distinguished Professor Emerita in the History of Medicine, in the School of Medicine
federico.huneeus	Federico C Huneeus	Assistant Professor of Economics
jinwei.hung	Jin-Wei Hung	Instructor in the Department of Asian & Middle Eastern Studies
dana.hunt	Dana E. Hunt	Associate Professor of Microbial Ecology
reeve.huston	Reeve Huston	Associate Professor Emeritus of History
kahyde	Katherine Hyde	Lecturing Fellow in the Program in Education
cosmin.ilut	Cosmin L. Ilut	Professor of Economics
sarah.ishmael	Sarah Ishmael	Instructor of the Writing and Rhetoric Program
iversen	Edwin Severin Iversen Jr.	Research Professor of Statistical Science
zakiyyah.jackson	Zakiyyah Iman Jackson	Associate Professor of Literature
richard.jaffe	Richard Jaffe	Professor of Religious Studies
sjaffe	Stephen Jaffe	Mary D. B. T. and James H. Semans Distinguished Professor of Music Composition
anshul.jain	Anshul Jain	Instructor in the Department of Asian & Middle Eastern Studies
tsitsi.jaji	Tsitsi Ella Jaji	Helen L. Bevington Associate Professor of Modern Poetry
sjames	Sherman A. James	Susan B. King Distinguished Professor Emeritus of Public Policy
mjanan	Micaela W. Janan	Professor of Classical Studies
janiak		
Gregor.Jarosch	Gregor Jarosch	Professor of Economics
Paul.Jaskot	Paul B. Jaskot	France Family Distinguished Professor of Art, Art History & Visual Studies
deborah.jenson	Deborah Jenson	Professor Emeritus of Romance Studies
barbara.jentleson	Barbara Jentleson	Associate Professor of the Practice Emerita of Education
bwj7	Bruce W. Jentleson	William Preston Few Distinguished Professor of Public Policy
junekey.jeon	Junekey Jeon	Phillip Griffiths Assistant Research Professor of Mathematics
JENNIFER.JHUN		
wenhao.jiang	Wenhao Jiang	Assistant Professor of Sociology
yue.jiang	Yue Jiang	Associate Professor of the Practice of Statistical Science
alicia.jimenez		
ctjohns	Christa T. Johns	Lecturer Emerita
sjohnsen	Sonke Johnsen	Ida Stephens Owens Distinguished Professor
gjohnson	G. Allan Johnson	Charles E. Putman University Distinguished Professor of Radiology
matthew.johnson	Matthew Johnson	Bruce L. Payne Associate Professor of Public Policy
william.johnson	William Johnson	Professor of Classical Studies
zackary.johnson		
christopher.johnston	Christopher Johnston	Professor of Political Science
Ieva.Jokubaviciute	Ieva Jokubaviciute	Professor of the Practice of Music
carolin.jolitz	Carolin Jolitz	Lecturing Fellow in the German Studies Department
Douglas.Jones	Douglas A Jones Jr.	Professor of Theater Studies
annette.josephgabriel	Annette Joseph-Gabriel	John Spencer Bassett Associate Professor of Romance Studies
kyle.jurado	Kyle Jurado	Associate Professor of Economics
mohsen.kadivar	Mohsen Kadivar	Research Professor in the Department of Religious Studies
konstantin.kalinin	Konstantin Kalinin	William W. Elliott Assistant Research Professor of Mathematics
arun.kannawadi	Arun Kannawadi Jayaraman	Assistant Research Professor in the Department of Physics
harry.karahalios	Harry Karahalios	Lecturing Fellow of Romance Studies
alexander.karsten	Alexander Karsten	Instructor in the Department of Classical Studies
liubov.kartashova	Liubov Kartashova	Lecturing Fellow in the Department of Slavic & Eurasian Studies
soham.karwa	Soham Karwa	William W. Elliott Assistant Research Professor of Mathematics
anya.katsevich	Anya Katsevich	Assistant Professor of Statistical Science
shambhavi.kaul	Shambhavi Kaul	Associate Professor of the Practice of Art, Art History & Visual Studies
aaron.kay	Aaron Charles Kay	J. Rex Fuqua Distinguished Professor of International Management
richard.kay	Richard Frederick Kay	Professor Emeritus of Evolutionary Anthropology
keefe003	Francis Joseph Keefe	Professor Emeritus in Psychiatry and Behavioral Sciences
richard.keefe	Richard S.E. Keefe	Professor Emeritus in Psychiatry and Behavioral Sciences
matthias.kehrig	Matthias Kehrig	Associate Professor of Economics
pkeineg	Paol Keineg	Research Professor Emeritus
lkeister	Lisa A. Keister	Professor of Sociology
antk	Anthony M. Kelley	Professor of the Practice of Music
jhkelley	John H Kelley	Adjunct Associate Professor in the Department of Physics
judith.kelley		
matthew.kenney	Matthew Kenney	Executive in Residence in the Engineering Graduate and Professional Programs
farrell.kersey	Farrell Ray Kersey	Lecturing Fellow of Chemistry
naiima.khahaifa	Naiima I Khahaifa	Assistant Professor of African & African American Studies
keval.khalsa	Keval Kaur Khalsa	Professor of the Practice Emerita of Dance
rkhanna	Ranjana Khanna	Professor of English
skhanna	Satendra Khanna	Associate Professor of the Practice Emeritus in the Department of Asian and Middle Eastern Studies
nazim.khelifa	Nazim Khelifa	William W. Elliott Assistant Research Professor of Mathematics
dkiehart	Daniel P. Kiehart	Professor of Biology
eunyoung.kim	Eunyoung Kim	Senior Lecturer of Asian and Middle Eastern Studies
grace.kim	Grace Kim	Associate Professor of the Practice of Economics
haeyoung	Hae-Young Kim	Professor of the Practice of Asian and Middle Eastern Studies
jungsang	Jungsang Kim	Schiciano Family Distinguished Professor of Electrical and Computer Engineering
sungeun.kim	Sung Eun Kim	Assistant Professor of Asian & Middle Eastern Studies
kent	Kent P. Kimbrough	Professor Emeritus of Economics
rights	Robin Kirk	Professor of the Practice of Cultural Anthropology
alexander.kirshner		
alexander.kiselev	Alexander A. Kiselev	William T. Laprade Distinguished Professor of Mathematics
kitchen	Joseph W. Kitchen	Associate Professor Emeritus of Mathematics
h3738	Herbert P. Kitschelt	George V. Allen Distinguished Professor of International Relations
natalie.klco	Natalie M Klco	Assistant Professor of Physics
ek4	Emily M. Klein	University Distinguished Service Professor Emeritus in the Division of Earth and Climate Sciences
lisa.klekowski	Lisa Klekowski	Visiting Professor in the Department of Army ROTC
Michael.Klien	Michael Klien	Professor of the Practice of Dance
kraig.klingenberg	Kraig Klingenberg	Instructor of Romance Studies
Kusum.Knapczyk	Kusum Knapczyk	Senior Lecturer of Hindi Language of Asian and Middle Eastern Studies
knight	Jack Knight	Frederic Cleaveland Distinguished Professor of Law and Political Science
Jennifer.Knust	Jennifer Wright Knust	Professor of Religious Studies
brandon.kohrt	Brandon A. Kohrt	Adjunct Professor in the Department of Psychiatry and Behavioral Sciences
kolli001	Scott Haden Kollins	Adjunct Professor in the Department of Psychiatry and Behavioral Sciences
sarah.komisarow	Sarah Komisarow	Assistant Professor in the Sanford School of Public Policy
ckoonz	Claudia Koonz	Peabody Family Distinguished Professor Emeritus of History in Trinity College of Arts and Sciences
kornb001	Sally A. Kornbluth	Jo Rae Wright University Distinguished Professor Emerita
rkorstad	Robert Korstad	Professor Emeritus of Public Policy
wkort	Wesley A. Kort	Professor Emeritus of Religious Studies
ashutosh.kotwal	Ashutosh V. Kotwal	Fritz London Distinguished Professor of Physics
kramer	Randall Kramer	Juli Plant Grainger Professor Emeritus of Global Environmental Health
rachel.kranton	Rachel Kranton	James B. Duke Distinguished Professor of Economics
lawrence.kreicher	Lawrence Kreicher	Associate Professor of the Practice of Economics
mkris	Michael Kris	Instructor of Music
ak30	Anirudh Krishna	Edgar T. Thompson Distinguished Professor of Public Policy in the Sanford School of Public Policy
maya.kronfeld	Maya Kronfeld	Assistant Professor of Literature
mkruse	Mark C. Kruse	Professor in the Department of Physics
anna.krylova	Anna Krylova	Associate Professor of History
hmku		
ckuhn	Cynthia Moreton Kuhn	Professor of Pharmacology and Cancer Biology
divine.kumah	Divine P Kumah	Charles H. Townes Associate Professor of Physics
bruce.kuniholm	Bruce R. Kuniholm	University Distinguished Service Professor Emeritus of Public Policy
jessica.kunttu	Jessica Kunttu	Instructor of Music
t.kuran	Timur Kuran	Gorter Family Distinguished Professor of Islamic Studies
kurokawa	Naoko Kurokawa	Senior Lecturer of Asian and Middle Eastern Studies
TAMAR.KUSHNIR	Tamar Kushnir	Professor of Psychology and Neuroscience
na.kwon	Nayoung Aimee Kwon	Associate Professor in the Department of Asian and Middle Eastern Studies
klabar	Kevin S. LaBar	Robert L. Wilson Distinguished Professor of Psychology and Neuroscience
eblaber	Eric Laber	James B. Duke Distinguished Professor of Statistical Science
hladd	Helen F. Ladd	Susan B. King Distinguished Professor Emerita of Public Policy
kyle.lafata	Kyle Jon Lafata	Thaddeus V. Samulski Associate Professor of Radiation Oncology
sergio.lagunes	Sergio Thomas Lagunes	Instructor of Economics
kkl9	Kimberly Kay Lamm	Gilhuly Family Associate Professor in the Program of Gender, Sexuality & Feminist Studies
melanie.lamotte	Mélanie Aimée Marie Lamotte	Assistant Professor of History
kland	Kenneth C. Land	John Franklin Crowell Distinguished Professor Emeritus of Sociology
andrea.lane	Andrea Nicole Lane	Assistant Professor of the Practice in the Social Science Research Institute
nikki.lane	Nikki Lane	Assistant Professor of Gender, Sexuality & Feminist Studies
peter.lange	Peter Lange	Thomas A. Langford University Distinguished Professor Emeritus
michelle.lanier	Michelle Lanier	Lecturing Fellow in the Department of African & African American Studies
andrea.lanteri	Andrea Lanteri	Associate Professor of Economics
rick.larrick	Richard P. Larrick	Hanes Corporation Foundation Distinguished Professor of Business Administration
andrea.larson	Andrea Jarosch Larson	Instructor in the German Studies Department
pedro.lasch	Pedro Lasch	Research Professor of Art, Art History and Visual Studies
Warren.Malueg-Lattimore	Warren Lattimore	Assistant Professor in Orthopaedic Surgery
bbl	Bruce B. Lawrence	Nancy and Jeffrey Marcus Humanities Distinguished Professor Emeritus of Religion
leachman	Lori Leachman	Professor of the Practice Emerita of Economics
leary	Mark R. Leary	Garonzik Family Distinguished Professor Emeritus
alvy	Alvin R. Lebeck	Professor Emeritus of Computer Science
charlotte.t.lee	Charlotte Lee	Scholar in Residence of Biology
Esther.Lee	Esther Kim Lee	Frances Hill Fox Professor of Theater Studies
lee.hedwig	Hedwig Eugenie Lee	James B. Duke Distinguished Professor of Sociology
james.s.lee	James Sumner Lee	Instructor, Medical Center in the Department of Cell Biology
kslee	Kun Shan Carolyn Lee	Professor of the Practice Emeritus of Asian and Middle Eastern Studies
lefko001		
patricia.leighten	Patricia Leighten	Professor Emerita of Art, Art History & Visual Studies
frll	Frank Lentricchia	Katharine Everett Gilbert Distinguished Professor Emeritus of Literature
Matthew.Lentz	Matthew Lentz	Assistant Professor of Computer Science
adriane.lentz-smith	Adriane D. Lentz-Smith	Associate Professor of History
david.leonhardt	David Leonhardt	Instructor, Special Programs
justin.leroy	Justin Leroy	Assistant Professor of History
bahar.leventoglu	Bahar Leventoglu	Associate Professor of Political Science
edlevin	Edward Daniel Levin	Professor in Psychiatry and Behavioral Sciences
adam.levine	Adam S. Levine	Associate Professor of Mathematics
jacob.levine	Jacob Levine	Assistant Professor of Biology
aino.levonmaa	Aino Levonmaa	Associate Professor of the Practice of Economics
ayl3	Arie Y. Lewin	Professor Emeritus
Courtney.Lewis	Courtney Lewis	Crandall Family Associate Professor of Cultural Anthropology
christina.leon	Christina A León	Associate Professor of Literature
fli	Fan Li	Professor of Statistical Science
fay.wei.li	Fay-Wei Li	David M. Goodner Associate Professor of Biology
hai.li	Hai "Helen" Li	Marie Foote Reel E'46 Distinguished Professor of Electrical and Computer Engineering
stephanie.li	Stephanie Li	Professor of African & African American Studies
yan.li	Yan Li	Assistant Professor of the Practice of the Writing and Rhetoric Program
lin.l	Lin Lin	Associate Professor of Biostatistics & Bioinformatics
nanlin	Nan Lin	Oscar L. Tang Family Distinguished Professor Emeritus of Sociology
Lara.Linden-High	Lara Marcia Linden-High	Instructor B in the Department of Biology
scott.lindroth	Scott A. Lindroth	Professor of Music
norbert.linke	Norbert Matthias Linke	Adjunct Professor of Physics
elizabeth.linnartz	Elizabeth Byrum Linnartz	Lecturing Fellow of Music
linville	Patricia W. Linville	Associate Professor of Business Administration
jenny.lion	Jenny Lion	Assistant Professor of the Practice of Art, Art History & Visual Studies
sara.lipshutz	Sara E Lipshutz	Assistant Professor of Biology
lisan001	Sarah Hollingsworth Lisanby	Professor Emeritus of Psychiatry and Behavioral Sciences
Natalia.Litchinitser	Natalia Litchinitser	Michael J. Fitzpatrick Distinguished Professor of Electrical and Computer Engineering
rlitz	Ralph A. Litzinger	Associate Professor of Cultural Anthropology
jian-guo.liu	Jian-Guo Liu	Professor of Physics
j.liu	Jie Liu	George Barth Geller Distinguished Professor of Chemistry
liukang	Kang Liu	Professor of Asian and African Languages and Literature
peifen.liu	Pei Fen Liu	Instructor of Music
shelley.liu	Shelley Liu	Assistant Professor in the Sanford School of Public Policy
sifan.liu	Sifan Liu	Assistant Professor of Statistical Science
siqi.liu	Siqi Liu	Assistant Professor of Computer Science
wenjin.liu	Wenjin Liu	Assistant Professor of Philosophy
yan.l	Yan Liu	Associate Professor of the Practice of Asian and Middle Eastern Studies
mbaye.lo	Mbaye Lo	Professor of the Practice of Asian and Middle Eastern Studies
felipe.lobel	Felipe Lobel	Assistant Professor of Economics
greg	Gregory R. Lockhead	Professor Emeritus of Psychological and Brain Sciences
logue004	Patrick E. Logue	Professor Emeritus in Psychiatry and Behavioral Sciences
huanqian.loh	Huanqian Loh	Assistant Professor of Electrical and Computer Engineering
meshay.long	Meshay Long	Instructor in the Department of Cultural Anthropology
elizabeth.lonsdorf	Elizabeth Lonsdorf	Professor of Evolutionary Anthropology
giuseppe.lopomo	Giuseppe Lopomo	Alan D. Schwartz Distinguished Professor of Business Administration
aunchalee.loscalzopalmquist	Aunchalee E Loscalzo Palmquist	Associate Professor of the Practice of Global Health
rmlove	Randall M. Love	Associate Professor of the Practice Emeritus of Music
H..Lovelace	H. Timothy Lovelace Jr.	Professor of Law
yana.lowry	Yana Alexandrovna Lowry	Adjunct Instructor in the FOCUS Program
s.lozier	M. Susan Lozier	Ronie-Richele Garcia-Johnson Emerita Professor of Earth and Ocean Sciences
jianfeng	Jianfeng Lu	James B. Duke Distinguished Professor of Mathematics
wah	Wahneema H. Lubiano	Associate Professor Emeritus of African and African American Studies
angelina.lucento	Angelina Lucento	Assistant Professor of Art, Art History & Visual Studies
lucic	Richard A. Lucic	Associate Professor of the Practice Emeritus of Computer Science
francois.lutzoni	Francois M. Lutzoni	Professor of Biology
michael.lynch	Michael D Lynch	W. H. Gardner, Jr. Associate Professor of Biomedical Engineering
scott.lynch	Scott Michael Lynch	Professor in the Department of Sociology
nancy.maclean	Nancy MacLean	William H. Chafe Distinguished Professor Emerita of History and Public Policy
ashwin	Ashwinkumar Venkatanaga Machanavajjhala	Adjunct Associate Professor of Computer Science
nathaniel.mackey	Nathaniel Mackey	Reynolds Price Distinguished Professor of Creative Writing
david.madden	David Joseph Madden	Professor Emeritus in Psychiatry and Behavioral Sciences
bmm		
abdeslam.maghraoui	Abdeslam E. M. Maghraoui	Associate Professor of the Practice Emeritus of Political Science
paul.magwene	Paul Mitaari Magwene	Professor of Biology
neena.mahadev	Neena Mahadev	Assistant Professor of Religious Studies
william.majoros	William Majoros	Assistant Professor of Biostatistics & Bioinformatics
SimonTszFung.Mak	Simon Mak	Associate Professor of Statistical Science
ali.makhdoumi	Ali Makhdoumi	Associate Professor of Business Administration
amakhulu	Anne-Maria B. Makhulu	Associate Professor in the Department of Cultural Anthropology
steven.malcolmson	Steven Malcolmson	Associate Professor of Chemistry
jehangir.malegam	Jehangir Malegam	Associate Professor of History
eddy.malesky	Edmund Malesky	Oscar L. Tang Family Distinguished Professor of Political Science
malin	Peter E. Malin	Emeritus Professor of Earth and Climate Science
dmalone	David M. Malone	Professor of the Practice Emeritus of Education
mmalouf	Melissa Malouf	Professor of the Practice Emerita of English
melanie.manion	Melanie Manion	Vor Broker Family Distinguished Professor
pmanos	Paul S. Manos	Professor in the Department of Biology
kgm	Kenneth G. Manton	Research Professor Emeritus of Demographic Studies
Mesha.Maren	Mesha M Maren	Associate Professor of the Practice of English
pnm	Peter N. Marinos	Professor Emeritus of Electrical and Computer Engineering
markoff	Diane M Markoff	Adjunct Professor in the Department of Physics
Cecilia.Marquez	Cecilia Marquez	Hunt Family Assistant Professor of History
andrea.marritt	Andrea Marie Marritt-Pabalate	Associate Dean of Academic Affairs and Adjunct Instructor of Biology
emarsh	Elizabeth J. Marsh	Professor of Psychology and Neuroscience
gail.marsh	Gail R. Marsh	Associate Professor Emeritus in Psychiatry and Behavioral Sciences
john.j.martin	John Jeffries Martin	Professor of History
anna.martinez	Anna Victoria Martinez-Saltzberg	Instructor in the Department of Chemistry
Iman.Marvian	Iman Marvian	Associate Professor in the Department of Electrical and Computer Engineering
marx	Leslie M. Marx	Robert A. Bandeen Distinguished Professor Emeritus of Business Administration
matt.masten	Matthew A Masten	Associate Professor of Economics
timsal.masud	Timsal Masud	Instructor in the Department of Asian & Middle Eastern Studies
catherine.mathers	Catherine Mathers	Associate Professor of the Practice of Program in International Comparative Studies
jm217	J. Lorand Matory	Lawrence Richardson Distinguished Professor of Cultural Anthropology
jonathan.mattingly		
arnaud.maurel	Arnaud Maurel	Professor of Economics
christian.mauro	Christian F. Mauro	Associate Professor in Psychiatry and Behavioral Sciences
shmaus	Seymour Mauskopf	Professor Emeritus of History
bradley.maxon	Bradley G Maxon	Visiting Professor in the Department of Aerospace Studies
leslie.maxwell	Leslie C Maxwell	Lecturing Fellow of the Writing and Rhetoric Program
anyimilehidi.mazo.vargas	Anyi Mazo-Vargas	Assistant Professor of Biology
mazuka	Reiko Mazuka	Research Professor in the Department of Psychology and Neuroscience
skmmaz	Sucheta Mazumdar	Associate Professor Emeritus of History
maciej.mazurowski	Maciej A Mazurowski	Associate Professor of Biostatistics & Bioinformatics
david.mcadams	David McAdams	Robert A. Bandeen Distinguished Professor of Business Administration
mca	Jody McAuliffe	Professor of the Practice of Theater Studies
dewey.mccafferty	Dewey G. McCafferty	Professor of Chemistry
pmcclain	Paula D. McClain	James B. Duke Distinguished Professor of Political Science
dmcclay	David R. McClay Jr.	Arthur S. Pearse Professor Emeritus of Biology
mcelroy	Marjorie B. McElroy	Craufurd Goodwin Professor of Economics
JENNA.MCHENRY	Jenna Ann McHenry	Assistant Professor of Psychology and Neuroscience
julia.mchugh	Julia McHugh	Adjunct Assistant Professor of Art, Art History & Visual Studies
Jarvis.McInnis	Jarvis C McInnis	Associate Professor of English
beverly.mciver	Beverly J McIver	Professor of the Practice Emeritus of Art, Art History & Visual Studies
mamckean	Margaret A. McKean	Professor Emerita of Political Science
garrett.mckinnon	Garrett McKinnon	Instructor
ellenmc	Ellen McLarney	Professor of Asian and Middle Eastern Studies
calvin.mcphailsnyder	Calvin McPhail-Snyder	Phillip Griffiths Assistant Research Professor of Mathematics
joseph.mcpherson	J. Miller McPherson	Professor Emeritus in the Department of Sociology
dmcshea	Daniel W. McShea	Professor of Biology
n.mcwilliam	Neil McWilliam	Walter H. Annenberg Distinguished Professor Emeritus of Art and Art History
ellen.meade	Ellen E Meade	Research Professor of Economics
steven.medema	Steven G. Medema	George Family Research Professor
miguel.medina	Miguel A. Medina	Professor Emeritus of Civil and Environmental Engineering
meintjes	Louise Meintjes	Marcello Lotti Professor
xavier.mela	Xavier Mela	Lecturing Fellow in the Department of Mathematics
omar.melikechi	Omar Melikechi	Assistant Professor of Statistical Science
jmercer	John M. Mercer	Professor of the Practice of Biology
gilbert.merkx	Gilbert Wilson Merkx	Professor of the Practice Emeritus of Sociology
giovanna.merli	M. Giovanna Merli	Professor in the Sanford School of Public Policy
merschel	Lisa M. Merschel	Associate Professor of the Practice of Romance Studies
carol	Carol L. Meyers	Mary Grace Wilson Distinguished Professor Emeritus of Religion in Trinity College of Arts and Sciences
emc	Eric M. Meyers	Bernice and Morton Lerner Distinguished Professor Emeritus in Judaic Studies
jolantam	Jolanta Maria Miadlikowska	Instructor B in the Department of Biology
ellen.mickiewicz	Ellen Mickiewicz	James R. Shepley Distinguished Professor Emeritus of Public Policy
sam.miglarese	Sam R Miglarese	Adjunct Instructor in the Program in Education
walter1654		
Simon.Miles	Simon Miles	Kevin D. Gorter Associate Professor of Public Policy
claudia.milian		
ezra.miller	Ezra Miller	Professor of Mathematics
gm19	Genna Miller	Lecturing Fellow of Economics
janell.miller	Janell A Miller	Adjunct Instructor in the Master of Arts in Teaching Program
mmiller	Martin A. Miller	Professor Emeritus of History
steve.milligan	Stephen Milligan II	Lecturing Fellow of Cinematic Arts
Jamila.Minga	Jamila Minga	Associate Professor of Head and Neck Surgery & Communication Sciences
rmitch	Robert Edward Mitchell	Professor Emeritus of English
tmo1	Thomas Mitchell-Olds	Newman Ivey White Distinguished Professor Emeritus of Biology
david.mitzi	David Mitzi	Simon Family Distinguished Professor
khwezi.mkhize	Khwezi Mkhize	Assistant Professor of African & African American Studies
modrich	Paul L. Modrich	James B. Duke Distinguished Professor Emeritus of Biochemistry
terrie.moffitt	Terrie E. Moffitt	Nannerl O. Keohane University Distinguished Professor
manoj.mohanan	Manoj Mohanan	Vice Provost for Interdisciplinary Programs
toril	Toril Moi	James B. Duke Distinguished Professor of Literature
christopher.monroe	Christopher R Monroe	Gilhuly Family Presidential Distinguished Professor
johann.montozzi-wood	Johann R. Montozzi-Wood	Assistant Professor of the Practice of Theater Studies
james.moody	James Moody	Professor in the Department of Sociology
andrea.moore	Andrea Edith Moore	Instructor of Music
jorge.morales	Jorge Morales	Associate Professor of Philosophy
ivan.moreno-hernandez	Ivan A. Moreno-Hernandez	The Eberts Family Assistant Professor of Chemistry
rajendra.morey	Rajendra A. Morey	Professor of Psychiatry and Behavioral Sciences
david.morgan	David Morgan	Professor of Religious Studies
Kathryn.Morgan	Kathryn Morgan	Assistant Professor of Classical Studies
pmorgan	S. Philip Morgan	Norb F. Schaefer Distinguished Professor Emeritus of International Studies
wfmorris	William F. Morris	Professor Emeritus of Biology
wendy.morrison	Wendy A Morrison	Assistant Professor of Economics
mmorton	Michael M. Morton	Research Professor Emeritus in the Department of Germanic Languages and Literature
dexter.moses	Dexter Moses	Instructor of Music
mmoses	Michael Valdez Moses	Associate Professor Emeritus of English
wid.twp	Cary Moskovitz	Professor of the Practice in the Writing and Rhetoric Program
negar	Negar Mottahedeh	Professor of Literature
afmotten	Alexander Motten	Associate Professor of the Practice Emeritus of Biology
smoyle	Norwood Moyle	Senior Lecturing Fellow in Innovation & Entrepreneurship
muller	Berndt Mueller	James B. Duke Distinguished Professor of Physics
kamesh	Kamesh Munagala	Professor of Computer Science
michael.munger	Michael C. Munger	Pfizer,Inc./Edmund T. Pratt, Jr. University Distinguished Professor
joan.munne	Joan Munné	Senior Lecturer of Romance Studies
muschkin	Clara G. Muschkin	Associate Research Professor Emerita in the Sanford School of Public Policy
charles.musiba	Charles M Musiba	Professor of Evolutionary Anthropology
eric.mvukiyehe	Eric Ndahayo Mvukiyehe	Assistant Professor of Political Science
rachel.myrick	Rachel Myrick	Douglas and Ellen Lowey Associate Professor of Political Science
verena.m	Verena Mösenbichler-Bryant	Professor of the Practice of Music
jessica.namakkal		
Jennifer.Nash		
Eva.Naumann	Eva Aimable Naumann	Assistant Professor of Neurobiology
luis.navarro.roncero	Luis Jose Navarro Roncero	Lecturing Fellow of Romance Studies
Kartik.Nayak	Kartik Nayak	Associate Professor of Computer Science
allison.neal	Allison R Neal	Instructor in English
man9	Mark Anthony Neal	James B. Duke Distinguished Professor of African and African American Studies
nechyba	Thomas J. Nechyba	Professor of Economics
kate.nemecek	Kate Nemecek	Lecturer of Computer Science
kneusche	Kristen Neuschel	Professor Emerita of History
Robert.Newman	Robert D Newman	Adjunct Professor of English
thomas.newpher	Thomas Mark Newpher	Associate Professor of the Practice of Psychology and Neuroscience
bo.newsome	Bo Newsome	Instructor of Music
ng	Lenhard Lee Ng	Professor of Mathematics
minna.ng	Minna Ng	Assistant Professor of the Practice of Psychology and Neuroscience
marguerite.nguyen	Marguerite B Nguyen	Associate Professor of English
travis.nicholson	Travis L Nicholson	Assistant Professor of Physics
nicoleli	Miguel Angelo L. Nicolelis	Professor Emeritus of Neurobiology
hfn	H. Frederik Nijhout	John Franklin Crowell Distinguished Professor of Biology
Rachel.Niketopoulos	Rachel Niketopoulos	Instructor of Music
niou	Emerson S. Niou	Professor of Political Science
Evert.Njomen	Evert Njomen	Assistant Professor of Chemistry
crystal.noel	Crystal Noel	Assistant Professor of Electrical and Computer Engineering
wnoland	William Noland	Professor of the Practice Emeritus of Art, Art History & Visual Studies
nolen	James H. Nolen	Alexander Hehmeyer Professor of Mathematics
noor	Mohamed A. F. Noor	Professor of Biology and Executive Vice Provost
jakob.norberg	Jakob Norberg	Professor of German Studies
wayne.norman		
david.norwood	David C Norwood	Visiting Professor in the Department of Army Reserve Officer Training Corps (ROTC)
snowicki	Stephen Nowicki	Professor Emeritus of Biology
tamika.nunley	Tamika Nunley	William & Sue Gross Professor of History
charles.nunn		
jeanobar	Jean F. O'Barr	University Distinguished Service Professor of the Practice Emeritus of Education
william.obarr	William M. O'Barr	Professor Emeritus of Cultural Anthropology
aorand	Angela M. O'Rand	Professor Emeritus of Sociology
oas	Terrence Gilbert Oas	Professor Emeritus of Biochemistry
seog	Seog Oh	Professor of Physics
olcott	Jocelyn Olcott	Professor of History
mark.oldham	Mark Oldham	Professor of Radiation Oncology
mark.olson		
Masayuki.Onishi	Masayuki Onishi	Assistant Professor of Biology
lorr	Linda Orr	Professor Emeritus of Romance Studies
mary.osborne	Mary Osborne	Lecturing Fellow in the Linguistics Program
kossi	Kerry Ossi-Lupo	Lecturing Fellow in Communications
christopher.ouma	Christopher Ernest Ouma	Associate Professor of English
t.overath	Tobias Overath	Assistant Professor of Psychology and Neuroscience
emily.ozdowski	Emily Franklin Ozdowski	Lecturer of Biology
Natalia.Pabon.mora	Natalia Pabon Mora	Associate Professor of Biology
david.page	David Page	Duke Health Distinguished Professor of Biostatistics & Bioinformatics
miroslav.pajic	Miroslav Pajic	Professor in the Department of Electrical and Computer Engineering
paletz	David L. Paletz	Professor Emeritus of Political Science
espaley	Elizabeth Paley	Instructor in the Pratt School of Engineering
palmer	Richard G. Palmer	Professor Emeritus of Physics
erdman.palmore	Erdman B. Palmore	Professor Emeritus
debmalya.panigrahi		
ejp3	Edmund Paolantonio	Instructor of Music
wlp	William L. Pardon	Professor Emeritus of Mathematics
lparedes	Liliana Paredes	Professor of the Practice of Romance Studies
james.parise		
Luciana.Parisi	Luciana Parisi	Professor of Literature
jean.park	Jean Park	Instructor of Music
rparkins	Robert Parkins	Professor of the Practice Emeritus of Music
emily.parks	Emily L Parks	Lecturing Fellow of the Writing and Rhetoric Program
parr		
spartner	Simon Partner	Professor of History
snp2	Sheila N Patek	Professor of Biology
subhrendu.pattanayak	Subhrendu K. Pattanayak	Oak Foundation Distinguished Professor of Environmental and Energy Policy
andrew.patton	Andrew J. Patton	Zelter Family Distinguished Professor
Christine.Payne	Christine K. Payne	Professor in the Thomas Lord Department of Mechanical Engineering and Materials Science
jpayne	John W. Payne	Joseph J. Ruvane, Jr. Distinguished Professor Emeritus
peckgw	Gunther W. Peck	Professor in the Sanford School of Public Policy
Jian.Pei	Jian Pei	Arthur S. Pearse Distinguished Professor of Computer Science
zpei	Zhen-Ming Pei	Associate Professor of Biology
nadeesha.perera	Nadeesha S Perera	Instructor B in the Department of Biology
peretto	Pietro F. Peretto	Professor of Economics
israel.perezmedina	Israel Perez Medina	Instructor in the Department of Romance Studies
melopete	Melvin K. H. Peters	Professor Emeritus of Religious Studies
alex.pfaff	Alexander Pfaff	Bernard Rhodes Distinguished Professor of Public Policy
pfau	Thomas Pfau	Alice Mary Baldwin Distinguished Professor of English
henry.pfister	Henry Pfister	Addy Family Professor of Electrical and Computer Engineering
dirk.philipsen	Dirk Philipsen	Associate Research Professor in the Sanford School of Public Policy
henry.pickford	Henry Pickford	Professor of German Studies
pickus	Noah M. Pickus	Professor of the Practice in the Sanford School of Public Policy
pierce	Lillian Beatrix Pierce	Anne Firor Scott Distinguished Professor of Mathematics
jacques.pierre		
Laura.Pilossoph	Laura Pilossoph	Associate Professor of Economics
charles.piot	Charles D. Piot	Professor of Cultural Anthropology
plesser	M. Ronen Plesser	Professor of Physics
Michael.Pollmann	Michael Pollmann	Assistant Professor of Economics
Herman.Pontzer	Herman Pontzer	Jerry G. and Patricia Crawford Hubbard Professor of Evolutionary Anthropology
andrew.pope	Andrew R Pope	Visiting Assistant Professor in the Department of ROTC - Air Force
dpope	Deborah Pope	Professor Emerita of English
k.poss	Kenneth Daniel Poss	James B. Duke Distinguished Professor Emeritus of Regenerative Biology
postrust	Anna Post Rust	Lecturing Fellow of Art, Art History & Visual Studies
sarah.pourciau	Sarah Milne Pourciau	Associate Professor of German Studies
richard.powell	Richard J. Powell	John Spencer Bassett Distinguished Professor of Art and Art History
luke.powery	Luke Powery	Professor of Homiletics
ife.presswood	Ife Michelle Presswood	Instructor in the Dance Program
dprice	David E. Price	Professor Emeritus of Political Science
gareth.price	Gareth O. Price	Visiting Assistant Professor in the Linguistics Program
vincent.price	Vincent E. Price	President of Duke University
epritch	Eric N. Pritchard	Professor of the Practice in the Department of Music
karine.provot	Karine Provot	Lecturing Fellow of Romance Studies
pryer	Kathleen M. Pryer	Professor Emeritus of Biology
kathy.psomiades	Kathy A. Psomiades	Associate Professor of English
eve.puffer	Eve S. Puffer	Pamela and Jack Egan Associate Professor
purves	Dale Purves	Research Professor Emeritus of the Duke Institute for Brain Sciences
anne.pusey	Anne Pusey	James B. Duke Distinguished Professor Emerita of Evolutionary Anthropology
putallaz	Martha Putallaz	Professor Emerita of Psychology and Neuroscience
Sarah.Quesada	Sarah Quesada	Associate Professor of Romance Studies
mquillig	Maureen Quilligan	R. Florence Brinkley Distinguished Professor Emerita of English
drabiner	David Rabiner	Research Professor Emeritus of Psychology and Neuroscience
Joseph.Rabinoff	Joseph D Rabinoff	Associate Professor of Mathematics
jradway	Janice A. Radway	Professor Emeritus of Literature
frr	Frederic B. Raimi	Professor of the Practice Emeritus of Music
sr76	Sumathi Ramaswamy	James B. Duke Distinguished Professor of History
adriano.rampini	Adriano A. Rampini	Douglas and Josie Breeden Distinguished Professor of Financial Economics
jramus	Joseph S. Ramus	Professor Emeritus
amanda.randles	Amanda Randles	Professor of Biomedical Engineering
marcos.rangel	Marcos A. Rangel	Associate Professor in the Sanford School of Public Policy
tsr2	Thomas S. Rankin	Professor of the Practice of Art, Art History & Visual Studies
emma.rasiel		
annmarie.rasmussen	Ann Marie Rasmussen	Professor Emerita of Germanic Languages and Literature
mrausher	Mark D. Rausher	John Carlisle Kilgo Distinguished Professor Emeritus of Biology
craig.rawlings	Craig Michael Rawlings	Fuchsberg-Levine Family Associate Professor
jennan.read	Jen'nan Read	Professor of Sociology
reckhow	Kenneth H. Reckhow	Professor Emeritus of Water Resources
wmr	William M. Reddy	William T. Laprade Distinguished Professor Emeritus of History
christopher.redmon	Christopher Redmon	Instructor, Special Programs
reed	Michael C. Reed	Arts and Sciences Distinguished Professor of Mathematics
galen.reeves	Galen Reeves	Associate Professor in the Department of Electrical and Computer Engineering
mreeves	Martha Reeves	Professor of the Practice Emerita of Sociology
marcia.rego	Marcia Rego	Associate Professor of the Practice of the Writing and Rhetoric Program
reichert	William M. Reichert	Professor Emeritus of Biomedical Engineering
chantal	Chantal D. Reid	Assistant Professor of the Practice Emerita in the Division of Environmental Natural Sciences
reif	John H. Reif	A. Hollis Edens Distinguished Professor of Computer Science
Cate.Reilly	Catherine Reilly	Associate Professor of Literature
lee.reiners		
deb.reisinger		
mert.bahadir.reisoglu	Mert Bahadir Reisoglu	Assistant Professor of German Studies
jerry	Jerome P. Reiter	Henry W. Newson Distinguished Professor of Statistical Science
Michael.Reiter	Michael Reiter	James B. Duke Distinguished Professor of Computer Science
karen.remmer	Karen L. Remmer	Professor Emerita of Political Science
saleem.reshamwala	Saleem Reshamwala	Instructor of Cinematic Arts
revkin	Mara Revkin	Associate Professor of Law
james.f.reynolds	James F. Reynolds	Professor Emeritus in the Division of Environmental Natural Sciences
julie.a.reynolds	Julie Reynolds	Professor of the Practice in the Department of Biology
william.m.reynolds	William Matthew Reynolds	Adjunct Instructor in the Master of Arts in Teaching Program
azadi	Amir H. Rezvani	Professor Emeritus in Psychiatry and Behavioral Sciences
gabriel.richard	Gabriel Richard	Associate Research Professor of Romance Studies
Kevin.Richardson	Kevin A Richardson	Associate Professor of Philosophy
richard.riddell	Richard V. Riddell	Mary D.B.T. and James H. Semans Distinguished Professor of the Practice Emeritus of Theater Studies
david.ridley	David Blaine Ridley	Professor of the Practice of Business Administration
jrigg	Jan Riggsbee	Professor of the Practice Emeritus of Education
luca.rigotti	Luca Rigotti	Adjunct Professor of Fuqua School of Business
krigsby	Kent J. Rigsby	Professor Emeritus of Classical Studies
tania.rispoli	Tania Rispoli	Instructor of Romance Studies
rrittgers	Ronald K. Rittgers	Duke Divinity School Professor of Reformation Studies
ritt	Daniel Rittschof	Norman L. Christensen Distinguished Professor of Environmental Sciences
evan.roberson	Evan Roberson	Instructor of Music
francis.roberts	Francis Roberts	Instructor of Music
j.roberts	James W. Roberts	Professor of Economics
marykayrobinson47	Mary Kay Robinson	Instructor of Music
trobish	Thomas Robisheaux	Professor Emeritus of History
robles	Colleen M Robles	Professor of Mathematics
rodolfo.roblescruz	Rodolfo Robles Cruz	Instructor in the Department of Theater Studies
rodger	Susan H. Rodger	Professor of the Practice of Computer Science
jose.rodriguez-garcia	José María Rodríguez García	Associate Professor of Romance Studies
bruce.rogers2	Bruce W Rogers	Assistant Professor in Surgery
emily.rogers		
c.rojas	Carlos Rojas	Professor of Asian and Middle Eastern Studies
alex.roland	Alex Roland	Professor Emeritus of History
jroll	James L. Rolleston	Professor Emeritus
richard.rosa	Richard Rosa	Associate Professor of Romance Studies
deondra.rose	Deondra Rose	Professor in the Sanford School of Public Policy
adam.rosen	Adam M Rosen	Professor of Economics
alexrose	Alexander Rosenberg	R. Taylor Cole Distinguished Professor of Philosophy
gabriel.rosenberg	Gabriel Nathan Rosenberg	Adjunct Associate Professor of Gender, Sexuality and Feminist Studies
Adam.Rosenblatt		
rosen025	Mark Zachary Rosenthal	Professor in Psychiatry and Behavioral Sciences
ashleighshelby.rosette	Ashleigh Shelby Rosette	James L. Vincent Distinguished Professor of Leadership
Benjamin.Rossman		
src	Susan Roth	Professor Emeritus of Psychology and Neuroscience
vlroth	V. Louise Roth	Professor of Biology
clara.rottsolk	Clara Rottsolk	Assistant Professor of the Practice of Music
genevieve.rousseliere	Genevieve Rousseliere	Associate Professor of Political Science
arya.roy	Arya Roy	Lecturer of Physics
sudeepa		
charmaine.royal	Charmaine DM Royal	Director of the Duke Center on Genomics, Race, Identity, Difference (GRID)
david.rubin		
michael.rubinstein	Michael Rubinstein	Aleksandar S. Vesic Distinguished Professor
rudin	Cynthia D. Rudin	Gilbert, Louis, and Edward Lehrman Distinguished Professor
krudy	Mary K. Rudy	Professor Emerita of Gender, Sexuality and Feminist Studies
martin.ruef	Martin Ruef	Jack and Pamela Egan Distinguished Professor of Entrepreneurship
colin.rundel	Colin Rundel	Associate Professor of the Practice of Statistical Science
philip.rupprecht	Philip Rupprecht	Professor of Music
kevin.ryan	John K Ryan	Instructor of Economics
emily.ryo	Emily Ryo	Charles L. B. Lowndes Distinguished Professor of Law
p.sadowski	Philipp Sadowski	Associate Professor of Economics
omid.safi	Omid Safi	Professor in the Department of Asian and Middle Eastern Studies
anurag.sahay	Anurag Sahay	Phillip Griffiths Assistant Research Professor of Mathematics
azu	Azusa Saito	Lecturing Fellow in the Department of Asian & Middle Eastern Studies
anne-gaelle.saliot	Anne-Gaelle Saliot	Associate Professor of Romance Studies
Phia.Salter	Phia S Salter	Fred W. Shaffer Associate Professor of Psychology and Neuroscience
Cristina.Salvador	Cristina E Salvador	Susan W. Beltz and A. Morris Williams, Jr. Assistant Professor of Psychology & Neuroscience
r.salvatella	Raquel Salvatella de Prada	Associate Professor of the Practice of Art, Art History & Visual Studies
s.samanezlarkin	Silvia P. Samanez Larkin	Associate Professor in Psychiatry and Behavioral Sciences
GREGORY.SAMANEZ-LARKIN	Gregory Russell Samanez-Larkin	Professor of Psychology and Neuroscience
ehsan.samei	Ehsan Samei	Reed and Martha Rice Distinguished Professor of Radiology
devdutta.sangvai	Devdutta Gangadhar Sangvai	Professor Emeritus in Family Medicine and Community Health
sophia.santillan	Sophia Santillan	Associate Professor of the Practice in the Thomas Lord Department of Mechanical Engineering and Materials Science
saper	Leslie Saper	Professor of Mathematics
guillermo.sapiro	Guillermo Sapiro	James B. Duke Distinguished Professor Emeritus of Electrical and Computer Engineering
Felwine.Sarr	Felwine Sarr	Anne-Marie Bryan Distinguished Professor of French and Francophone Studies
todd.sarver	Todd Sarver	Professor of Economics
lrs9	Lindsay Saunders	Lecturer of Biology
jessica.sawyer		
Robert.Sawyer	Robert N. Sawyer	Associate Professor Emeritus
Rhiannon.Scharnhorst	Rhiannon Scharnhorst	Senior Lecturer of the Writing and Rhetoric Program
amy.schmid	Amy K. Schmid	Professor of Biology
schmid	Lorrie Schmid	Instructional Staff in the Program in Education
scott.schmidler	Scott C. Schmidler	Associate Professor of Statistical Science
Christoph.Schmidt	Christoph F. Schmidt	Hertha Sponer Distinguished Professor of Physics
daniel.schmitt	Daniel Oliver Schmitt	Professor in the Department of Evolutionary Anthropology
joseph.schneider	Joseph A Schneider	Visiting Assistant Professor in the Department of Aerospace Studies
schoen	Chad L. Schoen	Professor of Mathematics
schol	Kate Scholberg	Arts & Sciences Distinguished Professor of Physics
eliana.schonberg	Eliana J. Schonberg	Professor of the Practice of the Writing and Rhetoric Program
schott	Sarah Schott	Associate Professor of the Practice of Mathematics
nicole.schrammsapyta	Nicole Lewellyn Schramm-Sapyta	Associate Professor of the Practice in the Duke Institute for Brain Sciences
fiii	Sarah Schroth	Director Emerita of Art, Art History & Visual Studies
tom.schultz	Thomas F. Schultz	Associate Professor of the Practice of Marine Molecular Conservation
ray.schwartz	Ray Eliot Schwartz	Instructor in the Dance Program
schwartz.bloom	Rochelle D. Schwartz-Bloom	Professor Emeritus of Pharmacology & Cancer Biology
miraxenia.schwerda	Mira Xenia Schwerda	Assistant Professor of Art, Art History & Visual Studies
dscolnic	Daniel M. Scolnic	Professor of Physics
Sean.Scott	Sean Scott	Executive In Residence of Statistical Science
guglielmo.scovazzi	Guglielmo Scovazzi	Professor in the Department of Civil and Environmental Engineering
bill.seaman	William Seaman	Professor of Art, Art History and Visual Studies
searles	Richard B. Searles	Professor Emeritus of Botany
a.serna	Angelica Serna Jeri	Assistant Professor of Romance Studies
silvia.serrano	Silvia Serrano	Lecturing Fellow of Romance Studies
daniel.seyfried	Daniel Seyfried	Instructor of Music
james.shah	James Shah	Associate Professor of Psychology and Neuroscience
purnima.shah	Purnima Shah	Professor of the Practice of Dance
joshua.shapero	Joshua Shapero	Lecturing Fellow in the Department of Romance Studies
kshapiro	Karin Shapiro	Professor of the Practice in the Department of African and African American Studies
Akhil.Sharma	Akhil Sharma	Adele Schiff Professor of the Practice of English
shatzman	Merrill Shatzman	Professor of the Practice Emeritus of Art, Art History & Visual Studies
joseph.shatzmiller	Joseph Shatzmiller	Smart Family Distinguished Professor Emeritus in Judaic Studies in Trinity College of Arts and Sciences
shaw	A. Jonathan Shaw	Professor of Biology
barbara.r.shaw	Barbara R. Shaw	William T. Miller Distinguished Professor Emeritus of Chemistry
shelb003	Rebecca A Shelby	Professor in Psychiatry and Behavioral Sciences
blair.sheppard	Blair H. Sheppard	Professor Emeritus
andrew.sherwood	Andrew Sherwood	Professor Emeritus in Psychiatry and Behavioral Sciences
david.sherwood	David R. Sherwood	Professor of Biology
nina.sherwood	Nina Tang Sherwood	Associate Professor of the Practice of Biology
ruilin.shi	Ruilin Shi	William W. Elliott Assistant Research Professor of Mathematics
shipley	Robert H. Shipley	Associate Professor Emeritus in Psychiatry and Behavioral Sciences
cathy.shuman	Cathy Shuman	Lecturing Fellow of English
sieburth	Stephanie Sieburth	Professor Emeritus of Romance Studies
david.siegel	David Siegel	Professor of Political Science
j.siegel		
siegel	Neil S. Siegel	Professor Emeritus of Law
ilene.siegler	Ilene C. Siegler	Professor Emeritus in Psychiatry and Behavioral Sciences
peter.sigal	Peter Sigal	Professor of History
lexsilb	Alexander Silbiger	Professor Emeritus of Music
Gustavo.Monteiro.Silva		
mbcsilva	Magda Silva	Senior Lecturer of Romance Studies
irene.silverblatt	Irene Silverblatt	Professor Emerita of Cultural Anthropology
simmerme	Melissa Simmermeyer	Senior Lecturer of Romance Studies
csims	Christopher W Sims	Professor of the Practice in the Sanford School of Public Policy
preeti.singh	Preeti Singh	Assistant Professor of Asian & Middle Eastern Studies
rohit.singh	Rohit Singh	Assistant Professor of Biostatistics & Bioinformatics
shikhar.singh	Shikhar Singh	Assistant Professor of Political Science
walter.sinnott-armstrong		
cjs6	Charles Skender	Instructor in the Fuqua School of Business
shanna.slank	Shanna Slank	Lecturing Fellow in Philosophy
aaron.slipper	Aaron Arthur Gordon Slipper	Phillip Griffiths Assistant Research Professor of Mathematics
fsloan	Frank A. Sloan	J. Alexander McMahon Distinguished Professor Emeritus of Health Policy and Management
daria.smirnova	Daria Smirnova	Lecturing Fellow in the Department of Slavic & Eurasian Studies
bhsmith	Barbara Herrnstein Smith	Braxton Craven Distinguished Professor Emerita of Comparative Literature and English
candis.watts	Candis Watts Smith	Robert O. Keohane Professor of Political Science
crystal.y.smith	Crystal Simone Smith	Instructor of the Writing and Rhetoric Program
daniel.scott.smith	Daniel Scott Smith	Assistant Professor of Sociology
das		
drsmith	David R. Smith	James B. Duke Distinguished Professor of Electrical and Computer Engineering
katelyn.smith	Katelyn Smith	Instructor of Romance Studies
kksmith	Kathleen Kovalevski Smith	Professor Emerita of Biology
lindsey.w.smith	Lindsey Warwick Smith	Lecturing Fellow of the Writing and Rhetoric Program
martin.smith	Martin D. Smith	George M. Woodwell Distinguished Professor of Environmental Economics
Martin.Smith1	Martin Paul Smith	Associate Professor of the Practice of Education
ssmith9	Stephen Smith	Professor of the Practice Emeritus of African and African American Studies
smithlov	Lynn Smith-Lovin	Robert L. Wilson Distinguished Professor Emeritus of Sociology
moria.smoski	Moria Joy Smoski	Associate Professor in Psychiatry and Behavioral Sciences
richard.so	Richard Jean So	Michael G. Rhodes and Maureen C. Rhodes Associate Professor in the Digital Humanities
socolar	Joshua Socolar	Professor of Physics
harris.solomon	Harris Scott Solomon	Adjunct Professor in the Department of Cultural Anthropology
rosa.solorzano	Rosa Solorzano	Consulting Associate in the School of Nursing
hsolt	Helen Solterer	Professor of Romance Studies
marc.sommer	Marc A. Sommer	Professor of Biomedical Engineering
sorin	Daniel J. Sorin	Professor of Electrical and Computer Engineering
joshua.sosin		
soskice	David Soskice	Research Professor Emeritus of the Department of Political Science
Sandra.Sotelo-Miller	Sandra Edith Sotelo-Miller	Lecturing Fellow of the Writing and Rhetoric Program
sarah.soucek	Sarah Soucek	Instructor of Cinematic Arts
Pierpaolo.Spagnolo	Pierpaolo Spagnolo	Lecturing Fellow of Romance Studies
spana	Eric P. Spana	Associate Professor of the Practice Emeritus of Biology
cheryl.spinner	Cheryl Spinner	Instructor of the Writing and Rhetoric Program
rps	Roxanne P. Springer	Professor of Physics
stanislav.srednyak	Stanislav Srednyak	Adjunct Assistant Professor in the Department of Physics
gopal.sreenivasan	Gopal Sreenivasan	Crown University Distinguished Professor in Ethics
jers	John E. R. Staddon	James B. Duke Distinguished Professor Emeritus of Psychology and Neuroscience
eric.stallard	Patrick J. Eric Stallard	Research Professor in the Social Science Research Institute
corina.stan	Corina M Stan	Bacca Foundation Associate Professor of English
heather.stapleton	Heather M. Stapleton	Ronie-Richele Garcia-Johnson Distinguished Professor
frank.starmer	Charles Franklin Starmer	Professor Emeritus of Computer Science
ostarn	Orin Starn	Professor of Cultural Anthropology
Daniel.Stegmueller		
alexander.steiger	Alexander Steiger	Assistant Research Professor of Computer Science
rlstein	Rebecca L. Stein	Professor of Cultural Anthropology
beka	Rebecca Carter Steorts	Associate Professor of Statistical Science
kstephen	Kristen R. Stephens	Professor of the Practice of Education
Kristin.Stephens-Martinez	Kristin V Stephens-Martinez	Lyle Family Associate Professor of the Practice of Computer Science
stern	Mark A. Stern	Professor of Mathematics
philip.stern	Philip J. Stern	Professor of History
Reuben.Stern		
k.stewart	Kearsley A Stewart	Professor of the Practice of Global Health
pstewart	Philip Stewart	Benjamin E. Powell Distinguished Professor Emeritus of Romance Studies
awe	Kristine Stiles	France Family Distinguished Professor Emeritus of Art, Art History, and Visual Studies
Caroline.Stinson	Caroline Stinson	Professor of the Practice of Music
nicholas.stoia	Nicholas Stoia	Associate Professor of Music
bear	Jeff M. Storer	Professor of the Practice of Theater Studies
anna.storti	Anna Storti	Assistant Professor of Gender, Sexuality & Feminist Studies
Lucia.Strader	Lucia Carol Strader	Professor of Biology
vhs	Victor H. Strandberg	Professor Emeritus of English
tjstraum	Timothy J. Strauman	Professor of Psychology and Neuroscience
jessi.streib	Jessi Streib	Professor of Sociology
dawn.strickland	Dawn Michelle Strickland	Senior Lecturer of Statistical Science
james.strong	James Doyce Strong III	Instructor in the Dance Program
tania.suarez	Tania lbis Suarez	Instructor in the Dance Program
jason.sudak	Jason K Sudak	Lecturing Fellow of Cinematic Arts
jesse.summers	Jesse S Summers	Adjunct Associate Professor of Philosophy
Anna.Sun	Anna Sun	Associate Professor of Religious Studies
tai.ping.sun	Tai-ping Sun	John Carlisle Kilgo Distinguished Professor of Biology
xiaobai.sun	Xiaobai Sun	Professor of Computer Science
john.supko	John Supko	Associate Professor of Music
sudheesh.surendranath	Sudheesh Surendranath	William W. Elliott Assistant Research Professor of Mathematics
ksurin	Kenneth J. Surin	Professor Emeritus of Literature
surwi001	Richard Samuel Surwit	Professor Emeritus in Psychiatry and Behavioral Sciences
charlotte.sussman	Charlotte S. Sussman	Professor of English
madeline.sutton	Madeline Jean Crozier Sutton	Assistant Professor of the Practice of Writing and Rhetoric Program
hss	Harry Scott Swartzwelder	Adjunct Professor in the Department of Psychiatry and Behavioral Sciences
margaret.swezey	Margaret Swezey	Instructor of the Writing and Rhetoric Program
ves4	Victoria Szabo	Research Professor of Art, Art History, & Visual Studies
maria.tackett	Maria Tackett	Associate Professor of the Practice of Statistical Science
ctalia	Clay Taliaferro	Professor of the Practice Emeritus of Dance
vahid.tarokh	Vahid Tarokh	Rhodes Family Distinguished Professor of Electrical and Computer Engineering
george.tauchen	George E. Tauchen	William Henry Glasson Distinguished Professor Emeritus
crtaylor	Curtis R. Taylor	Professor of Economics
hannah.taylor	Hannah Taylor	Senior Lecturer of the Writing and Rhetoric Program
raffaella.ts	Raffaella Taylor-Seymour	Andrew W. Mellon Assistant Professor of Religious Studies
teitso	Stephen W. Teitsworth	Associate Professor of Physics
Elena.Tenenbaum	Elena Tenenbaum	Assistant Professor in Psychiatry and Behavioral Sciences
manu	John W. Terborgh	James B. Duke Distinguished Professor Emeritus of Environmental Sciences
jtetel	Julie A. Tetel	Professor Emerita of English
susan.than	Susan Thananopavarn	Lecturing Fellow of the Writing and Rhetoric Program
michael.therien	Michael J. Therien	William R. Kenan, Jr. Distinguished Professor of Chemistry
d.thomas	Duncan Thomas	Norb F. Schaefer Distinguished Professor of International Studies in Trinity College of Arts and Sciences
jet	John E. Thomas	Fritz London Distinguished Professor Emeritus of Physics
nicole.thomas	Nicole Elizabeth Thomas	Instructor in the Dance Program
cdthomps	Charles Thompson	Professor of the Practice Emeritus of Cultural Anthropology
JULIA.THOMPSON	Julia Thompson	Instructor of Music
melissa.thompson	Melissa Emery Thompson	Professor of Evolutionary Anthropology
robert.thompson	Robert J. Thompson Jr.	Professor Emeritus of Psychology and Neuroscience
sthorne	Susan Thorne	Associate Professor Emerita of History
felix.tintelnot	Felix Tintelnot	Associate Professor of Economics
ed.tiryakian	Edwyn Ashod Tiryakian	Lecturing Fellow of Markets & Management Studies
r.todd	R. Larry Todd	Arts and Sciences Distinguished Professor Emeritus of Music
tokdar	Surya Tapas Tokdar	Professor of Statistical Science
michael.tomasello	Michael Tomasello	James F. Bonk Distinguished Professor
tomasi	Carlo Tomasi	Iris Einheuser Distinguished Professor
tomberg	James B Tomberg	Lecturer Emeritus of Mathematics
anton.tonchev	Anton P. Tonchev	Adjunct Professor in the Department of Physics
yu.tong	Yu Tong	Assistant Professor of Mathematics
precious.tonkins	Precious A Tonkins	Visiting Lecturer in the Department of Aerospace Sciences
eric.toone	Eric John Toone	Professor Emeritus of Chemistry
tor	Marianna Torgovnick	Professor of English
tornow	Werner Tornow	Professor Emeritus of Physics
dianaisabel.torressilva	Diana Torres Silva	Instructor in the Department of Romance Studies
tower	Edward Tower	Professor Emeritus of Economics
johnt	John A. Trangenstein	Professor Emeritus of Mathematics
edward.triplett	Edward Triplett	Assistant Professor of the Practice of Art, Art History & Visual Studies
kst	Kishor S. Trivedi	Hudson Distinguished Professor Emeritus of Electrical and Computer Engineering
michael.troxel	Michael A. Troxel	Professor of Physics
rtroxler	Rebecca Troxler	Associate Professor of the Practice Emerita of Music
leonid.tsvetkov	Leonid V Tsvetkov	Brock Family Instructor in Studio Arts
vtucker	Vance A. Tucker	Professor Emeritus of Zoology
ctufts	Clare J. Tufts	Professor of the Practice Emerita of Romance
mustafa.tuna	Mustafa Ozgur Tuna	Associate Professor of Slavic and Eurasian Studies
jenny.tung	Jenny Tung	Adjunct Professor in the Department of Evolutionary Anthropology
marcy	Marcy K. Uyenoyama	Professor Emeritus of Biology
aarthi.vadde		
stephen.vaisey		
nelson.sa	Nelson B. Valente de Sa	Associate Professor of the Practice of Economics
mitchell.valenza	Mitchell Valenza	Visiting Assistant Professor in the Department of Army ROTC
sandra.valnes	Sandra Valnes Quammen	Senior Lecturer of Romance Studies
patty.vancappellen	Patty Van Cappellen	Associate Research Professor in the Social Science Research Institute
rompay	Lucas Van Rompay	Professor Emeritus of Religious Studies
Kevin.Van.Sant	Kevin Van Sant	Instructor of Music
jvtuyl	Joanne Van Tuyl	Professor of the Practice Emeritus of Slavic and Eurasian Studies
uberjvanasse	Jared J Vanasse	Adjunct Assistant Professor in the Department of Physics
georg.vanberg	Georg Vanberg	Ernestine Friedl Distinguished Professor of Political Science
eve.vavagiakis	Eve M Vavagiakis	Assistant Professor of Physics
yesenia.velasco	Yesenia Velasco	Lecturer of Computer Science
ven	Stephanos Venakides	Professor of Mathematics
sam.veraldi	Samuel A Veraldi	Lecturing Fellow of Markets & Management Studies
rebecca.vidra	Rebecca L. Vidra	Senior Lecturer in the Division of Marine Science and Conservation
antonioviego	Antonio Viego	Associate Professor of Literature
azvieth	Angela Vieth	Senior Lecturer of Psychology and Neuroscience
elvira.vilches	Elvira L Vilches	Associate Professor of Romance Studies
fungi	Rytas J. Vilgalys	Professor of Biology
ava	Ava LaVonne Vinesett	Professor of the Practice of Dance
viswanat	S. Viswanathan	F.M. Kirby Distinguished Professor of Investment Banking in Fuqua School of Business
tuan.vodinh	Tuan Vo-Dinh	R. Eugene and Susie E. Goodson Distinguished Professor of Biomedical Engineering
alexander.volfovsky	Alexander Volfovsky	Associate Professor of Statistical Science
pelin.volkan	Pelin Cayirlioglu Volkan	Associate Professor of Biology
Anselm.Vossen	Anselm G. Vossen	Associate Professor in the Department of Physics
lasse.vuursteen	Lasse Vuursteen	Assistant Professor of Statistical Science
rachel.wadleigh	Rachel Wadleigh	Assistant Research Professor in the Department of Biology
jw140	Jacqueline Waeber	Associate Professor of Music
Andrew.Waggoner	Andrew Waggoner	Instructor of Music
rebecca.wahls	Rebecca P Wahls	Artist In Residence in the Department of Theater Studies
pwald	Priscilla Wald	R. Florence Brinkley Distinguished Professor of English
Christopher.Walker2	Christopher D Walker	Assistant Professor of Economics
christine.wall	Christine Elizabeth Wall	Research Professor Emerita of Evolutionary Anthropology
chris.walter	Christopher Walter	Professor of Physics
julie.walters	Julie Janus Walters	Assistant Professor of the Practice Emerita of Dance
tyler.walters	Tyler Walters	Associate Professor of the Practice Emeritus of Dance
waltheri	Ingeborg C. Walther	Professor of the Practice Emerita of Germanic Languages and Literature
danielle.wang	Danielle Y Wang	Phillip Griffiths Assistant Research Professor of Mathematics
qiu.wang	Qiu Wang	Professor of Chemistry
yuliang.wang2	Yuliang Wang	Phillip Griffiths Assistant Research Professor of Mathematics
Yun_Emily.Wang	Yun Emily Wang	Andrew W. Mellon Assistant Professor of Music
warren.warren	Warren S. Warren	James B. Duke Distinguished Professor of Chemistry
nicki.washington	Alicia Nicki Washington	Professor of the Practice of African & African American Studies
Suzanne.Wasiolek	Suzanne J Wasiolek	Adjunct Associate Professor in the Program in Education
alfredo.watkins	Alfredo W. Watkins	Assistant Research Professor of Philosophy
a.wax	Adam P. Wax	Professor of Biomedical Engineering
william.webb	William M. Webb	Lecturing Fellow of Theater Studies
kweeks	Kathi Weeks	Professor Emeritus of Gender, Sexuality and Feminist Studies
fan.wei	Fan Wei	Assistant Professor of Mathematics
erika.weiberg	Erika Weiberg	Assistant Professor of Classical Studies
kevin.weinfurt	Kevin Phillip Weinfurt	James B. Duke Distinguished Professor of Population Health Sciences
erika.weinthal	Erika S. Weinthal	John O. Blackburn Distinguished Professor
erw	E. Roy Weintraub	Professor Emeritus of Economics
gennifer.weisenfeld	Gennifer Weisenfeld	Walter H. Annenberg Distinguished Professor of Art and Art History
weller	Henry R. Weller	Professor Emeritus of Physics
wells020	Karen Cameron Wells	Associate Professor Emeritus in Psychiatry and Behavioral Sciences
miranda.welsh	Miranda Welsh	Lecturing Fellow of the Writing and Rhetoric Program
kathleen.welshbohmer	Kathleen Anne Welsh-Bohmer	Professor in Psychiatry and Behavioral Sciences
kevin.welsher	Kevin D. Welsher	Robert R. & Katherine B. Penn Associate Professor
augustus.wendell	Augustus Wendell	Associate Professor of the Practice of Art, Art History & Visual Studies
emily.wenger	Emily Wenger	Cue Family Assistant Professor of Electrical and Computer Engineering
julianne.werlin	Julianne Werlin	Associate Professor of English
j.wernegreen	Jennifer Jo Wernegreen	Associate Professor of Environmental and Evolutionary Genomics in the Division of Environmental Natural Sciences
marcus.werner	Marcus Christian Werner	Associate Professor of Mathematics at Duke Kunshan University
katya.wesolowski	Katya Wesolowski	Lecturing Fellow in the Department of Cultural Anthropology
mw		
wharton	Annabel J. Wharton	William B. Hamilton Distinguished Professor of Art and Art History
aric.wheeler	Aric A Wheeler	Phillip Griffiths Assistant Research Professor of Mathematics
ewheeler	Everett Wheeler	Adjunct Instructor of Classical Studies
Nina.Wheeler	Nina Wheeler	Lecturing Fellow in the Dance Program
anne.whisnant	Anne Mitchell Whisnant	Associate Professor of the Practice in the Social Science Research Institute
len.white	Leonard Edward White	Associate Professor in Neurology
whitman.madisson	Madisson Whitman	Instructor in the Department of International Comparative Studies
kirsten.wickelgren	Kirsten Graham Wickelgren	Professor of Mathematics
ross.widenhoefer	Ross A. Widenhoefer	Professor of Chemistry
rwiegman	Robyn Wiegman	Professor of Literature
makeba.wilbourn	Makeba Parramore Wilbourn	Associate Professor of the Practice of Psychology and Neuroscience
sarah.wilbur	Sarah Wilbur	Associate Professor of the Practice of Dance
christopher.wildeman	Christopher Wildeman	Professor of Sociology
julius.wilder1	Julius Middleton Wilder	Associate Professor of Medicine
benjamin.wiley	Benjamin J. Wiley	Professor of Chemistry
Michael.Wiley	Mike Wiley	Stephen and Janet Bear Assistant Research Professor of Arts, Ethics, and Education in the Program in Education
blythe.williams	Blythe A. Williams	Associate Professor of the Practice Emerita of Evolutionary Anthropology
williams	Christina L. Williams	Professor Emerita of Psychology and Neuroscience
redfordw	Redford B. Williams Jr.	Professor Emeritus of Psychiatry and Behavioral Sciences
jwillis	John H. Willis	Professor of Biology
susan.willis	Susan Willis	Associate Professor Emeritus of Literature
Lisa.Wills	Lisa Wills	Assistant Professor of Computer Science
ara.wilson	Ara Wilson	Associate Professor of Gender, Sexuality & Feminist Studies
wgw	William G. Wilson	Associate Professor Emeritus of Biology
rwinkler	Robert L. Winkler	James B. Duke Distinguished Professor Emeritus of Business Administration
witelski	Thomas P. Witelski	Professor in the Department of Mathematics
woldorff	Marty G. Woldorff	Professor Emeritus in Psychiatry and Behavioral Sciences
wolpert	Robert L. Wolpert	Professor Emeritus of Statistical Science
d.wong	David B. Wong	Susan Fox Beischer and George D. Beischer Trinity College Arts and Sciences Distinguished Professor of Philosophy
pwood	Peter H. Wood	Professor Emeritus of History
jcwoods	Jennifer Clare Woods	Associate Professor of Classical Studies
ae.woodsv	Andrea E. Woods Valdés	Associate Professor of the Practice of Dance
gwray	Gregory Allan Wray	Professor of Biology
justin.wright	Justin Prouty Wright	Professor of Biology
wu	Ying Wu	Professor of Physics
susan.wynn	Susan Wynn	Associate Professor of the Practice of Education
Pengpeng.Xiao	Pengpeng Xiao	Assistant Professor of Economics
jichun.xie	Jichun Xie	Associate Professor of Biostatistics & Bioinformatics
yi.xu	Daniel Yi Xu	David Rubenstein Distinguished Professor of Economics
pan.xu	Pan Xu	Assistant Professor of Biostatistics & Bioinformatics
Jia.Yan	Jia Yan	Lecturer in Chinese Language at Duke Kunshan University
junyang	Jun Yang	Knut Schmidt Nielsen Distinguished Professor of Computer Science
seojin.yang	Seojin Yang	Instructor in the Department of Asian & Middle Eastern Studies
shasha.yang	Shasha Yang	Instructor in the Department of Asian & Middle Eastern Studies
weitao.yang	Weitao Yang	Philip Handler Distinguished Professor of Chemistry
xiaowei.yang	Xiaowei Yang	Professor of Computer Science
linlin.yao	Linlin Yao	Lecturer in the Program in Education
yao	Yuan Yao	Lecturer, Emeritus in the Department of Asian and Middle Eastern Studies
aiy	Anatoli I. Yashin	Research Professor in the Social Science Research Institute
yasuda	Ryohei Yasuda	Adjunct Assistant Professor in the Department of Neurobiology
David.Ye	David Yungang Ye	Associate Research Professor in the Department of Mathematics
madi.yerlanov	Madi Yerlanov	Phillip Griffiths Assistant Research Professor of Mathematics
yildirh	Huseyin Yildirim	Professor of Economics
hy43	Henry Yin	Professor of Psychology and Neuroscience
anne.yoder	Anne Daphne Yoder	Braxton Craven Distinguished Professor of Evolutionary Biology
ken.yoko	Kenichi Yokoyama	Associate Professor of Biochemistry
hareth.yousef	Hareth Yousef	Instructor of Art, Art History & Visual Studies
marcos.zampieri	Marcos Zampieri	Visiting Assistant Professor in the Department of Computer Science
giovanni.zanalda	Giovanni Zanalda	Professor of the Practice in the Social Science Research Institute
zauscher	Stefan Zauscher	Professor in the Thomas Lord Department of Mechanical Engineering and Materials Science
michael.zavlanos	Michael Zavlanos	Professor in the Thomas Lord Department of Mechanical Engineering and Materials Science
angel.zeininger	Angel Zeininger	Assistant Research Professor in the Department of Evolutionary Anthropology
anru.zhang	Anru Zhang	Professor of Biostatistics & Bioinformatics
Danfeng.Zhang	Danfeng Zhang	Cue Family Associate Professor of Computer Science
peng.zhang	Peng Zhang	Associate Research Professor of Chemistry
Shu.Zhang	Shu Zhang	Lecturing Fellow in the Department of Asian & Middle Eastern Studies
anqi.zhao	Anqi Zhao	Assistant Professor of Business Administration
Hongkai.Zhao	Hongkai Zhao	Ruth F. DeVarney Distinguished Professor of Mathematics
peizhou	Pei Zhou	James B. Duke Distinguished Professor of Biochemistry
shuyan.zhou	Shuyan Zhou	Adjunct Assistant Professor in the Department of Computer Science
wen.zhou	Wen Zhou	Assistant Professor of Evolutionary Anthropology at Duke Kunshan University
xin.zhou	Xin Zhou	Professor Emeritus of Mathematics
hanye.zhu	Hanye Zhu	Phillip Griffiths Assistant Research Professor of Mathematics
danyang.zhuo		
saskia.ziolkowski	Saskia Ziolkowski	Associate Professor of Romance Studies
john.zito	John Cameron Zito	Assistant Research Professor of Statistical Science
zucke001	Nancy Lee Zucker	Professor in Psychiatry and Behavioral Sciences
mcw	miriam cooke	Braxton Craven Distinguished Professor Emerita of Arab Cultures
scott.demarchi	Scott de Marchi	Professor of Political Science
Asta.Sveinsdottir	Ásta	Professor of Philosophy
